[filters] min_edge=0.02 max_spread=0.10 edge_spread_mult=0.40 btc_news_tilt=off min_ev_surplus=0.03 ask_slip=0.005 min_dir_conf=0.64 min_sec_to_close=90.0 max_capital_loss_pct=off
[paper] tickers=['KXBTC15M-26APR121615-15', 'KXBTC-26APR1217-T82249.99'] cash=$49.4078 start=$50 wallet=data\paper_wallet_p1.json
[markets] Active Kalshi BTC tickers: ['KXBTC15M-26APR121615-15', 'KXBTC-26APR1217-T82249.99']
[fees] KXBTC15M-26APR121615-15 series=KXBTC15M fee_multiplier=1 coeff=0.07
[KXBTC15M-26APR121615-15] [book] yes bid/ask 0.5600/0.5700 no bid/ask 0.4300/0.4400 spreads yes=0.0100 no=0.0100 pos=0
[edge] fair_yes=0.4204582507927733 EV/contract yes=-0.1717 no=0.1172 (est fee/ct yes=0.0172 no=0.0173)
[entry] Skip: direction confidence (YES needs fair_yes>=0.64, NO needs fair_yes<=0.36; fair_yes=0.4204582507927733)
[fees] KXBTC-26APR1217-T82249.99 series=KXBTC fee_multiplier=1 coeff=0.07
[KXBTC-26APR1217-T82249.99] [book] yes bid/ask 0/0.0100 no bid/ask 0.9900/1 spreads yes=0.0100 no=0.0100 pos=0
[edge] fair_yes=0.16768282037206617 EV/contract yes=0.1516 no=-0.1584 (est fee/ct yes=0.0011 no=0.0007)
[entry] Skip: direction confidence (YES needs fair_yes>=0.64, NO needs fair_yes<=0.36; fair_yes=0.16768282037206617)
[paper] NAV $49.4078 (cash $49.4078) PnL vs start $-0.5922 (started $50)
[fees] KXBTC15M-26APR121615-15 series=KXBTC15M fee_multiplier=1 coeff=0.07
[KXBTC15M-26APR121615-15] [book] yes bid/ask 0.5200/0.5300 no bid/ask 0.4700/0.4800 spreads yes=0.0100 no=0.0100 pos=0
[edge] fair_yes=0.3939377453367844 EV/contract yes=-0.1586 no=0.1036 (est fee/ct yes=0.0175 no=0.0175)
[entry] Skip: direction confidence (YES needs fair_yes>=0.64, NO needs fair_yes<=0.36; fair_yes=0.3939377453367844)
[fees] KXBTC-26APR1217-T82249.99 series=KXBTC fee_multiplier=1 coeff=0.07
[KXBTC-26APR1217-T82249.99] [book] yes bid/ask 0/0.0100 no bid/ask 0.9900/1 spreads yes=0.0100 no=0.0100 pos=0
[edge] fair_yes=0.16763201714745457 EV/contract yes=0.1515 no=-0.1583 (est fee/ct yes=0.0011 no=0.0007)
[entry] Skip: direction confidence (YES needs fair_yes>=0.64, NO needs fair_yes<=0.36; fair_yes=0.16763201714745457)
[paper] NAV $49.4078 (cash $49.4078) PnL vs start $-0.5922 (started $50)
[fees] KXBTC15M-26APR121615-15 series=KXBTC15M fee_multiplier=1 coeff=0.07
[KXBTC15M-26APR121615-15] [book] yes bid/ask 0.5000/0.5100 no bid/ask 0.4900/0.5000 spreads yes=0.0100 no=0.0100 pos=0
[edge] fair_yes=0.38071591016143697 EV/contract yes=-0.1518 no=0.0968 (est fee/ct yes=0.0175 no=0.0175)
[entry] Skip: direction confidence (YES needs fair_yes>=0.64, NO needs fair_yes<=0.36; fair_yes=0.38071591016143697)
[fees] KXBTC-26APR1217-T82249.99 series=KXBTC fee_multiplier=1 coeff=0.07
[KXBTC-26APR1217-T82249.99] [book] yes bid/ask 0/0.0100 no bid/ask 0.9900/1 spreads yes=0.0100 no=0.0100 pos=0
[edge] fair_yes=0.16757995947186205 EV/contract yes=0.1515 no=-0.1583 (est fee/ct yes=0.0011 no=0.0007)
[entry] Skip: direction confidence (YES needs fair_yes>=0.64, NO needs fair_yes<=0.36; fair_yes=0.16757995947186205)
[paper] NAV $49.4078 (cash $49.4078) PnL vs start $-0.5922 (started $50)
[fees] KXBTC15M-26APR121615-15 series=KXBTC15M fee_multiplier=1 coeff=0.07
[KXBTC15M-26APR121615-15] [book] yes bid/ask 0.5200/0.5300 no bid/ask 0.4700/0.4800 spreads yes=0.0100 no=0.0100 pos=0
[edge] fair_yes=0.3931995198076976 EV/contract yes=-0.1593 no=0.1043 (est fee/ct yes=0.0175 no=0.0175)
[entry] Skip: direction confidence (YES needs fair_yes>=0.64, NO needs fair_yes<=0.36; fair_yes=0.3931995198076976)
[fees] KXBTC-26APR1217-T82249.99 series=KXBTC fee_multiplier=1 coeff=0.07
[KXBTC-26APR1217-T82249.99] [book] yes bid/ask 0/0.0100 no bid/ask 0.9900/1 spreads yes=0.0100 no=0.0100 pos=0
[edge] fair_yes=0.16752805080878566 EV/contract yes=0.1514 no=-0.1582 (est fee/ct yes=0.0011 no=0.0007)
[entry] Skip: direction confidence (YES needs fair_yes>=0.64, NO needs fair_yes<=0.36; fair_yes=0.16752805080878566)
[paper] NAV $49.4078 (cash $49.4078) PnL vs start $-0.5922 (started $50)
[fees] KXBTC15M-26APR121615-15 series=KXBTC15M fee_multiplier=1 coeff=0.07
[KXBTC15M-26APR121615-15] [book] yes bid/ask 0.5200/0.5300 no bid/ask 0.4700/0.4800 spreads yes=0.0100 no=0.0100 pos=0
[edge] fair_yes=0.3928194109209404 EV/contract yes=-0.1597 no=0.1047 (est fee/ct yes=0.0175 no=0.0175)
[entry] Skip: direction confidence (YES needs fair_yes>=0.64, NO needs fair_yes<=0.36; fair_yes=0.3928194109209404)
[fees] KXBTC-26APR1217-T82249.99 series=KXBTC fee_multiplier=1 coeff=0.07
[KXBTC-26APR1217-T82249.99] [book] yes bid/ask 0/0.0100 no bid/ask 0.9900/1 spreads yes=0.0100 no=0.0100 pos=0
[edge] fair_yes=0.16747549197250505 EV/contract yes=0.1514 no=-0.1582 (est fee/ct yes=0.0011 no=0.0007)
[entry] Skip: direction confidence (YES needs fair_yes>=0.64, NO needs fair_yes<=0.36; fair_yes=0.16747549197250505)
[paper] NAV $49.4078 (cash $49.4078) PnL vs start $-0.5922 (started $50)
[fees] KXBTC15M-26APR121615-15 series=KXBTC15M fee_multiplier=1 coeff=0.07
[KXBTC15M-26APR121615-15] [book] yes bid/ask 0.5600/0.5700 no bid/ask 0.4300/0.4400 spreads yes=0.0100 no=0.0100 pos=0
[edge] fair_yes=0.41856481191098366 EV/contract yes=-0.1736 no=0.1191 (est fee/ct yes=0.0172 no=0.0173)
[entry] Skip: direction confidence (YES needs fair_yes>=0.64, NO needs fair_yes<=0.36; fair_yes=0.41856481191098366)
[fees] KXBTC-26APR1217-T82249.99 series=KXBTC fee_multiplier=1 coeff=0.07
[KXBTC-26APR1217-T82249.99] [book] yes bid/ask 0/0.0100 no bid/ask 0.9900/1 spreads yes=0.0100 no=0.0100 pos=0
[edge] fair_yes=0.16742395319203054 EV/contract yes=0.1513 no=-0.1581 (est fee/ct yes=0.0011 no=0.0007)
[entry] Skip: direction confidence (YES needs fair_yes>=0.64, NO needs fair_yes<=0.36; fair_yes=0.16742395319203054)
[paper] NAV $49.4078 (cash $49.4078) PnL vs start $-0.5922 (started $50)
[fees] KXBTC15M-26APR121615-15 series=KXBTC15M fee_multiplier=1 coeff=0.07
[KXBTC15M-26APR121615-15] [book] yes bid/ask 0.5600/0.5700 no bid/ask 0.4300/0.4400 spreads yes=0.0100 no=0.0100 pos=0
[edge] fair_yes=0.41817922945002695 EV/contract yes=-0.1740 no=0.1195 (est fee/ct yes=0.0172 no=0.0173)
[entry] Skip: direction confidence (YES needs fair_yes>=0.64, NO needs fair_yes<=0.36; fair_yes=0.41817922945002695)
[fees] KXBTC-26APR1217-T82249.99 series=KXBTC fee_multiplier=1 coeff=0.07
[KXBTC-26APR1217-T82249.99] [book] yes bid/ask 0/0.0100 no bid/ask 0.9900/1 spreads yes=0.0100 no=0.0100 pos=0
[edge] fair_yes=0.16737177065813966 EV/contract yes=0.1513 no=-0.1581 (est fee/ct yes=0.0011 no=0.0007)
[entry] Skip: direction confidence (YES needs fair_yes>=0.64, NO needs fair_yes<=0.36; fair_yes=0.16737177065813966)
[paper] NAV $49.4078 (cash $49.4078) PnL vs start $-0.5922 (started $50)
[fees] KXBTC15M-26APR121615-15 series=KXBTC15M fee_multiplier=1 coeff=0.07
[KXBTC15M-26APR121615-15] [book] yes bid/ask 0.5800/0.5900 no bid/ask 0.4100/0.4200 spreads yes=0.0100 no=0.0100 pos=0
[edge] fair_yes=0.43102543192821713 EV/contract yes=-0.1809 no=0.1268 (est fee/ct yes=0.0169 no=0.0172)
[entry] Skip: direction confidence (YES needs fair_yes>=0.64, NO needs fair_yes<=0.36; fair_yes=0.43102543192821713)
[fees] KXBTC-26APR1217-T82249.99 series=KXBTC fee_multiplier=1 coeff=0.07
[KXBTC-26APR1217-T82249.99] [book] yes bid/ask 0/0.0100 no bid/ask 0.9900/1 spreads yes=0.0100 no=0.0100 pos=0
[edge] fair_yes=0.16731970930686774 EV/contract yes=0.1512 no=-0.1580 (est fee/ct yes=0.0011 no=0.0007)
[entry] Skip: direction confidence (YES needs fair_yes>=0.64, NO needs fair_yes<=0.36; fair_yes=0.16731970930686774)
[paper] NAV $49.4078 (cash $49.4078) PnL vs start $-0.5922 (started $50)
[fees] KXBTC15M-26APR121615-15 series=KXBTC15M fee_multiplier=1 coeff=0.07
[KXBTC15M-26APR121615-15] [book] yes bid/ask 0.5600/0.5700 no bid/ask 0.4300/0.4400 spreads yes=0.0100 no=0.0100 pos=0
[edge] fair_yes=0.4173969971455563 EV/contract yes=-0.1748 no=0.1203 (est fee/ct yes=0.0172 no=0.0173)
[entry] Skip: direction confidence (YES needs fair_yes>=0.64, NO needs fair_yes<=0.36; fair_yes=0.4173969971455563)
[fees] KXBTC-26APR1217-T82249.99 series=KXBTC fee_multiplier=1 coeff=0.07
[KXBTC-26APR1217-T82249.99] [book] yes bid/ask 0/0.0100 no bid/ask 0.9900/1 spreads yes=0.0100 no=0.0100 pos=0
[edge] fair_yes=0.16726799947457563 EV/contract yes=0.1512 no=-0.1580 (est fee/ct yes=0.0011 no=0.0007)
[entry] Skip: direction confidence (YES needs fair_yes>=0.64, NO needs fair_yes<=0.36; fair_yes=0.16726799947457563)
[paper] NAV $49.4078 (cash $49.4078) PnL vs start $-0.5922 (started $50)
[fees] KXBTC15M-26APR121615-15 series=KXBTC15M fee_multiplier=1 coeff=0.07
[KXBTC15M-26APR121615-15] [book] yes bid/ask 0.5700/0.5800 no bid/ask 0.4200/0.4300 spreads yes=0.0100 no=0.0100 pos=0
[edge] fair_yes=0.42357900195279863 EV/contract yes=-0.1784 no=0.1241 (est fee/ct yes=0.0170 no=0.0173)
[entry] Skip: direction confidence (YES needs fair_yes>=0.64, NO needs fair_yes<=0.36; fair_yes=0.42357900195279863)
[fees] KXBTC-26APR1217-T82249.99 series=KXBTC fee_multiplier=1 coeff=0.07
[KXBTC-26APR1217-T82249.99] [book] yes bid/ask 0/0.0100 no bid/ask 0.9900/1 spreads yes=0.0100 no=0.0100 pos=0
[edge] fair_yes=0.16721280229442362 EV/contract yes=0.1511 no=-0.1579 (est fee/ct yes=0.0011 no=0.0007)
[entry] Skip: direction confidence (YES needs fair_yes>=0.64, NO needs fair_yes<=0.36; fair_yes=0.16721280229442362)
[paper] NAV $49.4078 (cash $49.4078) PnL vs start $-0.5922 (started $50)
[fees] KXBTC15M-26APR121615-15 series=KXBTC15M fee_multiplier=1 coeff=0.07
[KXBTC15M-26APR121615-15] [book] yes bid/ask 0.6100/0.6200 no bid/ask 0.3800/0.3900 spreads yes=0.0100 no=0.0100 pos=0
[edge] fair_yes=0.44956971580524746 EV/contract yes=-0.1919 no=0.1386 (est fee/ct yes=0.0165 no=0.0168)
[entry] Skip: direction confidence (YES needs fair_yes>=0.64, NO needs fair_yes<=0.36; fair_yes=0.44956971580524746)
[fees] KXBTC-26APR1217-T82249.99 series=KXBTC fee_multiplier=1 coeff=0.07
[KXBTC-26APR1217-T82249.99] [book] yes bid/ask 0/0.0100 no bid/ask 0.9900/1 spreads yes=0.0100 no=0.0100 pos=0
[edge] fair_yes=0.1671281768704918 EV/contract yes=0.1510 no=-0.1578 (est fee/ct yes=0.0011 no=0.0007)
[entry] Skip: direction confidence (YES needs fair_yes>=0.64, NO needs fair_yes<=0.36; fair_yes=0.1671281768704918)
[paper] NAV $49.4078 (cash $49.4078) PnL vs start $-0.5922 (started $50)
[fees] KXBTC15M-26APR121615-15 series=KXBTC15M fee_multiplier=1 coeff=0.07
[KXBTC15M-26APR121615-15] [book] yes bid/ask 0.6200/0.6300 no bid/ask 0.3700/0.3800 spreads yes=0.0100 no=0.0100 pos=0
[edge] fair_yes=0.455865586290585 EV/contract yes=-0.1954 no=0.1425 (est fee/ct yes=0.0163 no=0.0166)
[entry] Skip: direction confidence (YES needs fair_yes>=0.64, NO needs fair_yes<=0.36; fair_yes=0.455865586290585)
[fees] KXBTC-26APR1217-T82249.99 series=KXBTC fee_multiplier=1 coeff=0.07
[KXBTC-26APR1217-T82249.99] [book] yes bid/ask 0/0.0100 no bid/ask 0.9900/1 spreads yes=0.0100 no=0.0100 pos=0
[edge] fair_yes=0.16707557988688998 EV/contract yes=0.1510 no=-0.1578 (est fee/ct yes=0.0011 no=0.0007)
[entry] Skip: direction confidence (YES needs fair_yes>=0.64, NO needs fair_yes<=0.36; fair_yes=0.16707557988688998)
[paper] NAV $49.4078 (cash $49.4078) PnL vs start $-0.5922 (started $50)
[fees] KXBTC15M-26APR121615-15 series=KXBTC15M fee_multiplier=1 coeff=0.07
[KXBTC15M-26APR121615-15] [book] yes bid/ask 0.6200/0.6300 no bid/ask 0.3700/0.3800 spreads yes=0.0100 no=0.0100 pos=0
[edge] fair_yes=0.4554147292247449 EV/contract yes=-0.1959 no=0.1430 (est fee/ct yes=0.0163 no=0.0166)
[entry] Skip: direction confidence (YES needs fair_yes>=0.64, NO needs fair_yes<=0.36; fair_yes=0.4554147292247449)
[fees] KXBTC-26APR1217-T82249.99 series=KXBTC fee_multiplier=1 coeff=0.07
[KXBTC-26APR1217-T82249.99] [book] yes bid/ask 0/0.0100 no bid/ask 0.9900/1 spreads yes=0.0100 no=0.0100 pos=0
[edge] fair_yes=0.1670188637047132 EV/contract yes=0.1509 no=-0.1577 (est fee/ct yes=0.0011 no=0.0007)
[entry] Skip: direction confidence (YES needs fair_yes>=0.64, NO needs fair_yes<=0.36; fair_yes=0.1670188637047132)
[paper] NAV $49.4078 (cash $49.4078) PnL vs start $-0.5922 (started $50)
[fees] KXBTC15M-26APR121615-15 series=KXBTC15M fee_multiplier=1 coeff=0.07
[KXBTC15M-26APR121615-15] [book] yes bid/ask 0.6100/0.6200 no bid/ask 0.3800/0.3900 spreads yes=0.0100 no=0.0100 pos=0
[edge] fair_yes=0.44826933283264486 EV/contract yes=-0.1932 no=0.1399 (est fee/ct yes=0.0165 no=0.0168)
[entry] Skip: direction confidence (YES needs fair_yes>=0.64, NO needs fair_yes<=0.36; fair_yes=0.44826933283264486)
[fees] KXBTC-26APR1217-T82249.99 series=KXBTC fee_multiplier=1 coeff=0.07
[KXBTC-26APR1217-T82249.99] [book] yes bid/ask 0/0.0100 no bid/ask 0.9900/1 spreads yes=0.0100 no=0.0100 pos=0
[edge] fair_yes=0.1669649103984651 EV/contract yes=0.1509 no=-0.1577 (est fee/ct yes=0.0011 no=0.0007)
[entry] Skip: direction confidence (YES needs fair_yes>=0.64, NO needs fair_yes<=0.36; fair_yes=0.1669649103984651)
[paper] NAV $49.4078 (cash $49.4078) PnL vs start $-0.5922 (started $50)
[fees] KXBTC15M-26APR121615-15 series=KXBTC15M fee_multiplier=1 coeff=0.07
[KXBTC15M-26APR121615-15] [book] yes bid/ask 0.6100/0.6200 no bid/ask 0.3800/0.3900 spreads yes=0.0100 no=0.0100 pos=0
[edge] fair_yes=0.4478388215436182 EV/contract yes=-0.1937 no=0.1404 (est fee/ct yes=0.0165 no=0.0168)
[entry] Skip: direction confidence (YES needs fair_yes>=0.64, NO needs fair_yes<=0.36; fair_yes=0.4478388215436182)
[fees] KXBTC-26APR1217-T82249.99 series=KXBTC fee_multiplier=1 coeff=0.07
[KXBTC-26APR1217-T82249.99] [book] yes bid/ask 0/0.0100 no bid/ask 0.9900/1 spreads yes=0.0100 no=0.0100 pos=0
[edge] fair_yes=0.16691225602429846 EV/contract yes=0.1508 no=-0.1576 (est fee/ct yes=0.0011 no=0.0007)
[entry] Skip: direction confidence (YES needs fair_yes>=0.64, NO needs fair_yes<=0.36; fair_yes=0.16691225602429846)
[paper] NAV $49.4078 (cash $49.4078) PnL vs start $-0.5922 (started $50)
[fees] KXBTC15M-26APR121615-15 series=KXBTC15M fee_multiplier=1 coeff=0.07
[KXBTC15M-26APR121615-15] [book] yes bid/ask 0.6100/0.6200 no bid/ask 0.3800/0.3900 spreads yes=0.0100 no=0.0100 pos=0
[edge] fair_yes=0.44740025532848954 EV/contract yes=-0.1941 no=0.1408 (est fee/ct yes=0.0165 no=0.0168)
[entry] Skip: direction confidence (YES needs fair_yes>=0.64, NO needs fair_yes<=0.36; fair_yes=0.44740025532848954)
[fees] KXBTC-26APR1217-T82249.99 series=KXBTC fee_multiplier=1 coeff=0.07
[KXBTC-26APR1217-T82249.99] [book] yes bid/ask 0/0.0100 no bid/ask 0.9900/1 spreads yes=0.0100 no=0.0100 pos=0
[edge] fair_yes=0.16685887694676887 EV/contract yes=0.1508 no=-0.1576 (est fee/ct yes=0.0011 no=0.0007)
[entry] Skip: direction confidence (YES needs fair_yes>=0.64, NO needs fair_yes<=0.36; fair_yes=0.16685887694676887)
[paper] NAV $49.4078 (cash $49.4078) PnL vs start $-0.5922 (started $50)
[fees] KXBTC15M-26APR121615-15 series=KXBTC15M fee_multiplier=1 coeff=0.07
[KXBTC15M-26APR121615-15] [book] yes bid/ask 0.6300/0.6500 no bid/ask 0.3500/0.3700 spreads yes=0.0200 no=0.0200 pos=0
[edge] fair_yes=0.46713412742671184 EV/contract yes=-0.2038 no=0.1414 (est fee/ct yes=0.0159 no=0.0165)
[entry] Skip: direction confidence (YES needs fair_yes>=0.64, NO needs fair_yes<=0.36; fair_yes=0.46713412742671184)
[fees] KXBTC-26APR1217-T82249.99 series=KXBTC fee_multiplier=1 coeff=0.07
[KXBTC-26APR1217-T82249.99] [book] yes bid/ask 0/0.0100 no bid/ask 0.9900/1 spreads yes=0.0100 no=0.0100 pos=0
[edge] fair_yes=0.16680575428186295 EV/contract yes=0.1507 no=-0.1575 (est fee/ct yes=0.0011 no=0.0007)
[entry] Skip: direction confidence (YES needs fair_yes>=0.64, NO needs fair_yes<=0.36; fair_yes=0.16680575428186295)
[paper] NAV $49.4078 (cash $49.4078) PnL vs start $-0.5922 (started $50)
[fees] KXBTC15M-26APR121615-15 series=KXBTC15M fee_multiplier=1 coeff=0.07
[KXBTC15M-26APR121615-15] [book] yes bid/ask 0.6300/0.6400 no bid/ask 0.3600/0.3700 spreads yes=0.0100 no=0.0100 pos=0
[edge] fair_yes=0.45994336235346844 EV/contract yes=-0.2012 no=0.1486 (est fee/ct yes=0.0161 no=0.0165)
[entry] Skip: direction confidence (YES needs fair_yes>=0.64, NO needs fair_yes<=0.36; fair_yes=0.45994336235346844)
[fees] KXBTC-26APR1217-T82249.99 series=KXBTC fee_multiplier=1 coeff=0.07
[KXBTC-26APR1217-T82249.99] [book] yes bid/ask 0/0.0100 no bid/ask 0.9900/1 spreads yes=0.0100 no=0.0100 pos=0
[edge] fair_yes=0.16675118977391917 EV/contract yes=0.1507 no=-0.1575 (est fee/ct yes=0.0011 no=0.0007)
[entry] Skip: direction confidence (YES needs fair_yes>=0.64, NO needs fair_yes<=0.36; fair_yes=0.16675118977391917)
[paper] NAV $49.4078 (cash $49.4078) PnL vs start $-0.5922 (started $50)
[fees] KXBTC15M-26APR121615-15 series=KXBTC15M fee_multiplier=1 coeff=0.07
[KXBTC15M-26APR121615-15] [book] yes bid/ask 0.5500/0.5600 no bid/ask 0.4400/0.4500 spreads yes=0.0100 no=0.0100 pos=0
[edge] fair_yes=0.40632174334356597 EV/contract yes=-0.1760 no=0.1213 (est fee/ct yes=0.0173 no=0.0174)
[entry] Skip: direction confidence (YES needs fair_yes>=0.64, NO needs fair_yes<=0.36; fair_yes=0.40632174334356597)
[fees] KXBTC-26APR1217-T82249.99 series=KXBTC fee_multiplier=1 coeff=0.07
[KXBTC-26APR1217-T82249.99] [book] yes bid/ask 0/0.0100 no bid/ask 0.9900/1 spreads yes=0.0100 no=0.0100 pos=0
[edge] fair_yes=0.1666957613566027 EV/contract yes=0.1506 no=-0.1574 (est fee/ct yes=0.0011 no=0.0007)
[entry] Skip: direction confidence (YES needs fair_yes>=0.64, NO needs fair_yes<=0.36; fair_yes=0.1666957613566027)
[paper] NAV $49.4078 (cash $49.4078) PnL vs start $-0.5922 (started $50)
[fees] KXBTC15M-26APR121615-15 series=KXBTC15M fee_multiplier=1 coeff=0.07
[KXBTC15M-26APR121615-15] [book] yes bid/ask 0.5300/0.5400 no bid/ask 0.4600/0.4700 spreads yes=0.0100 no=0.0100 pos=0
[edge] fair_yes=0.39287818610385533 EV/contract yes=-0.1695 no=0.1146 (est fee/ct yes=0.0174 no=0.0175)
[entry] Skip: direction confidence (YES needs fair_yes>=0.64, NO needs fair_yes<=0.36; fair_yes=0.39287818610385533)
[fees] KXBTC-26APR1217-T82249.99 series=KXBTC fee_multiplier=1 coeff=0.07
[KXBTC-26APR1217-T82249.99] [book] yes bid/ask 0/0.0100 no bid/ask 0.9900/1 spreads yes=0.0100 no=0.0100 pos=0
[edge] fair_yes=0.1666431520286251 EV/contract yes=0.1505 no=-0.1573 (est fee/ct yes=0.0011 no=0.0007)
[entry] Skip: direction confidence (YES needs fair_yes>=0.64, NO needs fair_yes<=0.36; fair_yes=0.1666431520286251)
[paper] NAV $49.4078 (cash $49.4078) PnL vs start $-0.5922 (started $50)
[fees] KXBTC15M-26APR121615-15 series=KXBTC15M fee_multiplier=1 coeff=0.07
[KXBTC15M-26APR121615-15] [book] yes bid/ask 0.4400/0.4600 no bid/ask 0.5400/0.5600 spreads yes=0.0200 no=0.0200 pos=0
[edge] fair_yes=0.342122569112636 EV/contract yes=-0.1404 no=0.0756 (est fee/ct yes=0.0175 no=0.0173)
[entry] IOC buy no count=1 EV~0.0756/contract
[paper] Filled 1; cash balance $48.8255
[fees] KXBTC-26APR1217-T82249.99 series=KXBTC fee_multiplier=1 coeff=0.07
[KXBTC-26APR1217-T82249.99] [book] yes bid/ask 0/0.0100 no bid/ask 0.9900/1 spreads yes=0.0100 no=0.0100 pos=0
[edge] fair_yes=0.1665896713637405 EV/contract yes=0.1505 no=-0.1573 (est fee/ct yes=0.0011 no=0.0007)
[entry] Skip: direction confidence (YES needs fair_yes>=0.64, NO needs fair_yes<=0.36; fair_yes=0.1665896713637405)
[paper] NAV $49.2955 (cash $48.8255) PnL vs start $-0.7045 (started $50)
[fees] KXBTC15M-26APR121615-15 series=KXBTC15M fee_multiplier=1 coeff=0.07
[KXBTC15M-26APR121615-15] [book] yes bid/ask 0.5200/0.5300 no bid/ask 0.4700/0.4800 spreads yes=0.0100 no=0.0100 pos=-1
[fees] KXBTC-26APR1217-T82249.99 series=KXBTC fee_multiplier=1 coeff=0.07
[KXBTC-26APR1217-T82249.99] [book] yes bid/ask 0/0.0100 no bid/ask 0.9900/1 spreads yes=0.0100 no=0.0100 pos=0
[edge] fair_yes=0.16653372007638795 EV/contract yes=0.1504 no=-0.1572 (est fee/ct yes=0.0011 no=0.0007)
[entry] Skip: direction confidence (YES needs fair_yes>=0.64, NO needs fair_yes<=0.36; fair_yes=0.16653372007638795)
[paper] NAV $49.2855 (cash $48.8255) PnL vs start $-0.7145 (started $50)
[fees] KXBTC15M-26APR121615-15 series=KXBTC15M fee_multiplier=1 coeff=0.07
[KXBTC15M-26APR121615-15] [book] yes bid/ask 0.5200/0.5300 no bid/ask 0.4700/0.4800 spreads yes=0.0100 no=0.0100 pos=-1
[fees] KXBTC-26APR1217-T82249.99 series=KXBTC fee_multiplier=1 coeff=0.07
[KXBTC-26APR1217-T82249.99] [book] yes bid/ask 0/0.0100 no bid/ask 0.9900/1 spreads yes=0.0100 no=0.0100 pos=0
[edge] fair_yes=0.16647781475669027 EV/contract yes=0.1504 no=-0.1572 (est fee/ct yes=0.0011 no=0.0007)
[entry] Skip: direction confidence (YES needs fair_yes>=0.64, NO needs fair_yes<=0.36; fair_yes=0.16647781475669027)
[paper] NAV $49.2955 (cash $48.8255) PnL vs start $-0.7045 (started $50)
[fees] KXBTC15M-26APR121615-15 series=KXBTC15M fee_multiplier=1 coeff=0.07
[KXBTC15M-26APR121615-15] [book] yes bid/ask 0.5100/0.5200 no bid/ask 0.4800/0.4900 spreads yes=0.0100 no=0.0100 pos=-1
[fees] KXBTC-26APR1217-T82249.99 series=KXBTC fee_multiplier=1 coeff=0.07
[KXBTC-26APR1217-T82249.99] [book] yes bid/ask 0/0.0100 no bid/ask 0.9900/1 spreads yes=0.0100 no=0.0100 pos=0
[edge] fair_yes=0.16642156472268313 EV/contract yes=0.1503 no=-0.1571 (est fee/ct yes=0.0011 no=0.0007)
[entry] Skip: direction confidence (YES needs fair_yes>=0.64, NO needs fair_yes<=0.36; fair_yes=0.16642156472268313)
[paper] NAV $49.2955 (cash $48.8255) PnL vs start $-0.7045 (started $50)
[fees] KXBTC15M-26APR121615-15 series=KXBTC15M fee_multiplier=1 coeff=0.07
[KXBTC15M-26APR121615-15] [book] yes bid/ask 0.4500/0.4700 no bid/ask 0.5300/0.5500 spreads yes=0.0200 no=0.0200 pos=-1
[fees] KXBTC-26APR1217-T82249.99 series=KXBTC fee_multiplier=1 coeff=0.07
[KXBTC-26APR1217-T82249.99] [book] yes bid/ask 0/0.0100 no bid/ask 0.9900/1 spreads yes=0.0100 no=0.0100 pos=0
[edge] fair_yes=0.16636481336141318 EV/contract yes=0.1503 no=-0.1571 (est fee/ct yes=0.0011 no=0.0007)
[entry] Skip: direction confidence (YES needs fair_yes>=0.64, NO needs fair_yes<=0.36; fair_yes=0.16636481336141318)
[paper] NAV $49.3655 (cash $48.8255) PnL vs start $-0.6345 (started $50)
[fees] KXBTC15M-26APR121615-15 series=KXBTC15M fee_multiplier=1 coeff=0.07
[KXBTC15M-26APR121615-15] [book] yes bid/ask 0.3800/0.3900 no bid/ask 0.6100/0.6200 spreads yes=0.0100 no=0.0100 pos=-1
[fees] KXBTC-26APR1217-T82249.99 series=KXBTC fee_multiplier=1 coeff=0.07
[KXBTC-26APR1217-T82249.99] [book] yes bid/ask 0/0.0100 no bid/ask 0.9900/1 spreads yes=0.0100 no=0.0100 pos=0
[edge] fair_yes=0.16630864540922893 EV/contract yes=0.1502 no=-0.1570 (est fee/ct yes=0.0011 no=0.0007)
[entry] Skip: direction confidence (YES needs fair_yes>=0.64, NO needs fair_yes<=0.36; fair_yes=0.16630864540922893)
[paper] NAV $49.4255 (cash $48.8255) PnL vs start $-0.5745 (started $50)
[fees] KXBTC15M-26APR121615-15 series=KXBTC15M fee_multiplier=1 coeff=0.07
[KXBTC15M-26APR121615-15] [book] yes bid/ask 0.3900/0.4000 no bid/ask 0.6000/0.6100 spreads yes=0.0100 no=0.0100 pos=-1
[fees] KXBTC-26APR1217-T82249.99 series=KXBTC fee_multiplier=1 coeff=0.07
[KXBTC-26APR1217-T82249.99] [book] yes bid/ask 0/0.0100 no bid/ask 0.9900/1 spreads yes=0.0100 no=0.0100 pos=0
[edge] fair_yes=0.16625121956241565 EV/contract yes=0.1502 no=-0.1570 (est fee/ct yes=0.0011 no=0.0007)
[entry] Skip: direction confidence (YES needs fair_yes>=0.64, NO needs fair_yes<=0.36; fair_yes=0.16625121956241565)
[paper] NAV $49.4255 (cash $48.8255) PnL vs start $-0.5745 (started $50)
[fees] KXBTC15M-26APR121615-15 series=KXBTC15M fee_multiplier=1 coeff=0.07
[KXBTC15M-26APR121615-15] [book] yes bid/ask 0.3700/0.3800 no bid/ask 0.6200/0.6300 spreads yes=0.0100 no=0.0100 pos=-1
[fees] KXBTC-26APR1217-T82249.99 series=KXBTC fee_multiplier=1 coeff=0.07
[KXBTC-26APR1217-T82249.99] [book] yes bid/ask 0/0.0100 no bid/ask 0.9900/1 spreads yes=0.0100 no=0.0100 pos=0
[edge] fair_yes=0.16619410902245174 EV/contract yes=0.1501 no=-0.1569 (est fee/ct yes=0.0011 no=0.0007)
[entry] Skip: direction confidence (YES needs fair_yes>=0.64, NO needs fair_yes<=0.36; fair_yes=0.16619410902245174)
[paper] NAV $49.4455 (cash $48.8255) PnL vs start $-0.5545 (started $50)
[fees] KXBTC15M-26APR121615-15 series=KXBTC15M fee_multiplier=1 coeff=0.07
[KXBTC15M-26APR121615-15] [book] yes bid/ask 0.4000/0.4100 no bid/ask 0.5900/0.6000 spreads yes=0.0100 no=0.0100 pos=-1
[fees] KXBTC-26APR1217-T82249.99 series=KXBTC fee_multiplier=1 coeff=0.07
[KXBTC-26APR1217-T82249.99] [book] yes bid/ask 0/0.0100 no bid/ask 0.9900/1 spreads yes=0.0100 no=0.0100 pos=0
[edge] fair_yes=0.16613638712817513 EV/contract yes=0.1500 no=-0.1568 (est fee/ct yes=0.0011 no=0.0007)
[entry] Skip: direction confidence (YES needs fair_yes>=0.64, NO needs fair_yes<=0.36; fair_yes=0.16613638712817513)
[paper] NAV $49.4055 (cash $48.8255) PnL vs start $-0.5945 (started $50)
[fees] KXBTC15M-26APR121615-15 series=KXBTC15M fee_multiplier=1 coeff=0.07
[KXBTC15M-26APR121615-15] [book] yes bid/ask 0.4000/0.4200 no bid/ask 0.5800/0.6000 spreads yes=0.0200 no=0.0200 pos=-1
[fees] KXBTC-26APR1217-T82249.99 series=KXBTC fee_multiplier=1 coeff=0.07
[KXBTC-26APR1217-T82249.99] [book] yes bid/ask 0/0.0100 no bid/ask 0.9900/1 spreads yes=0.0100 no=0.0100 pos=0
[edge] fair_yes=0.16608051732540943 EV/contract yes=0.1500 no=-0.1568 (est fee/ct yes=0.0011 no=0.0007)
[entry] Skip: direction confidence (YES needs fair_yes>=0.64, NO needs fair_yes<=0.36; fair_yes=0.16608051732540943)
[paper] NAV $49.3955 (cash $48.8255) PnL vs start $-0.6045 (started $50)
[fees] KXBTC15M-26APR121615-15 series=KXBTC15M fee_multiplier=1 coeff=0.07
[KXBTC15M-26APR121615-15] [book] yes bid/ask 0.3900/0.4100 no bid/ask 0.5900/0.6100 spreads yes=0.0200 no=0.0200 pos=-1
[fees] KXBTC-26APR1217-T82249.99 series=KXBTC fee_multiplier=1 coeff=0.07
[KXBTC-26APR1217-T82249.99] [book] yes bid/ask 0/0.0100 no bid/ask 0.9900/1 spreads yes=0.0100 no=0.0100 pos=0
[edge] fair_yes=0.16602345433686258 EV/contract yes=0.1499 no=-0.1567 (est fee/ct yes=0.0011 no=0.0007)
[entry] Skip: direction confidence (YES needs fair_yes>=0.64, NO needs fair_yes<=0.36; fair_yes=0.16602345433686258)
[paper] NAV $49.4155 (cash $48.8255) PnL vs start $-0.5845 (started $50)
[fees] KXBTC15M-26APR121615-15 series=KXBTC15M fee_multiplier=1 coeff=0.07
[KXBTC15M-26APR121615-15] [book] yes bid/ask 0.4000/0.4100 no bid/ask 0.5900/0.6000 spreads yes=0.0100 no=0.0100 pos=-1
[fees] KXBTC-26APR1217-T82249.99 series=KXBTC fee_multiplier=1 coeff=0.07
[KXBTC-26APR1217-T82249.99] [book] yes bid/ask 0/0.0100 no bid/ask 0.9900/1 spreads yes=0.0100 no=0.0100 pos=0
[edge] fair_yes=0.16596012986821362 EV/contract yes=0.1499 no=-0.1567 (est fee/ct yes=0.0011 no=0.0007)
[entry] Skip: direction confidence (YES needs fair_yes>=0.64, NO needs fair_yes<=0.36; fair_yes=0.16596012986821362)
[paper] NAV $49.4155 (cash $48.8255) PnL vs start $-0.5845 (started $50)
[fees] KXBTC15M-26APR121615-15 series=KXBTC15M fee_multiplier=1 coeff=0.07
[KXBTC15M-26APR121615-15] [book] yes bid/ask 0.3900/0.4300 no bid/ask 0.5700/0.6100 spreads yes=0.0400 no=0.0400 pos=-1
[fees] KXBTC-26APR1217-T82249.99 series=KXBTC fee_multiplier=1 coeff=0.07
[KXBTC-26APR1217-T82249.99] [book] yes bid/ask 0/0.0100 no bid/ask 0.9900/1 spreads yes=0.0100 no=0.0100 pos=0
[edge] fair_yes=0.16589168958171213 EV/contract yes=0.1498 no=-0.1566 (est fee/ct yes=0.0011 no=0.0007)
[entry] Skip: direction confidence (YES needs fair_yes>=0.64, NO needs fair_yes<=0.36; fair_yes=0.16589168958171213)
[paper] NAV $49.4255 (cash $48.8255) PnL vs start $-0.5745 (started $50)
[fees] KXBTC15M-26APR121615-15 series=KXBTC15M fee_multiplier=1 coeff=0.07
[KXBTC15M-26APR121615-15] [book] yes bid/ask 0.4000/0.4100 no bid/ask 0.5900/0.6000 spreads yes=0.0100 no=0.0100 pos=-1
[fees] KXBTC-26APR1217-T82249.99 series=KXBTC fee_multiplier=1 coeff=0.07
[KXBTC-26APR1217-T82249.99] [book] yes bid/ask 0/0.0100 no bid/ask 0.9900/1 spreads yes=0.0100 no=0.0100 pos=0
[edge] fair_yes=0.16582749652728282 EV/contract yes=0.1497 no=-0.1565 (est fee/ct yes=0.0011 no=0.0007)
[entry] Skip: direction confidence (YES needs fair_yes>=0.64, NO needs fair_yes<=0.36; fair_yes=0.16582749652728282)
[paper] NAV $49.4255 (cash $48.8255) PnL vs start $-0.5745 (started $50)
[fees] KXBTC15M-26APR121615-15 series=KXBTC15M fee_multiplier=1 coeff=0.07
[KXBTC15M-26APR121615-15] [book] yes bid/ask 0.3800/0.4000 no bid/ask 0.6000/0.6200 spreads yes=0.0200 no=0.0200 pos=-1
[fees] KXBTC-26APR1217-T82249.99 series=KXBTC fee_multiplier=1 coeff=0.07
[KXBTC-26APR1217-T82249.99] [book] yes bid/ask 0/0.0100 no bid/ask 0.9900/1 spreads yes=0.0100 no=0.0100 pos=0
[edge] fair_yes=0.16576708461749576 EV/contract yes=0.1497 no=-0.1565 (est fee/ct yes=0.0011 no=0.0007)
[entry] Skip: direction confidence (YES needs fair_yes>=0.64, NO needs fair_yes<=0.36; fair_yes=0.16576708461749576)
[paper] NAV $49.4255 (cash $48.8255) PnL vs start $-0.5745 (started $50)
[fees] KXBTC15M-26APR121615-15 series=KXBTC15M fee_multiplier=1 coeff=0.07
[KXBTC15M-26APR121615-15] [book] yes bid/ask 0.4000/0.4100 no bid/ask 0.5900/0.6000 spreads yes=0.0100 no=0.0100 pos=-1
[fees] KXBTC-26APR1217-T82249.99 series=KXBTC fee_multiplier=1 coeff=0.07
[KXBTC-26APR1217-T82249.99] [book] yes bid/ask 0/0.0100 no bid/ask 0.9900/1 spreads yes=0.0100 no=0.0100 pos=0
[edge] fair_yes=0.1657083765801029 EV/contract yes=0.1496 no=-0.1564 (est fee/ct yes=0.0011 no=0.0007)
[entry] Skip: direction confidence (YES needs fair_yes>=0.64, NO needs fair_yes<=0.36; fair_yes=0.1657083765801029)
[paper] NAV $49.4055 (cash $48.8255) PnL vs start $-0.5945 (started $50)
[fees] KXBTC15M-26APR121615-15 series=KXBTC15M fee_multiplier=1 coeff=0.07
[KXBTC15M-26APR121615-15] [book] yes bid/ask 0.3900/0.4100 no bid/ask 0.5900/0.6100 spreads yes=0.0200 no=0.0200 pos=-1
[fees] KXBTC-26APR1217-T82249.99 series=KXBTC fee_multiplier=1 coeff=0.07
[KXBTC-26APR1217-T82249.99] [book] yes bid/ask 0/0.0100 no bid/ask 0.9900/1 spreads yes=0.0100 no=0.0100 pos=0
[edge] fair_yes=0.16564669106806948 EV/contract yes=0.1495 no=-0.1563 (est fee/ct yes=0.0011 no=0.0007)
[entry] Skip: direction confidence (YES needs fair_yes>=0.64, NO needs fair_yes<=0.36; fair_yes=0.16564669106806948)
[paper] NAV $49.4155 (cash $48.8255) PnL vs start $-0.5845 (started $50)
[fees] KXBTC15M-26APR121615-15 series=KXBTC15M fee_multiplier=1 coeff=0.07
[KXBTC15M-26APR121615-15] [book] yes bid/ask 0.3800/0.4000 no bid/ask 0.6000/0.6200 spreads yes=0.0200 no=0.0200 pos=-1
[fees] KXBTC-26APR1217-T82249.99 series=KXBTC fee_multiplier=1 coeff=0.07
[KXBTC-26APR1217-T82249.99] [book] yes bid/ask 0/0.0100 no bid/ask 0.9900/1 spreads yes=0.0100 no=0.0100 pos=0
[edge] fair_yes=0.1655633903555552 EV/contract yes=0.1495 no=-0.1563 (est fee/ct yes=0.0011 no=0.0007)
[entry] Skip: direction confidence (YES needs fair_yes>=0.64, NO needs fair_yes<=0.36; fair_yes=0.1655633903555552)
[paper] NAV $49.4255 (cash $48.8255) PnL vs start $-0.5745 (started $50)
[fees] KXBTC15M-26APR121615-15 series=KXBTC15M fee_multiplier=1 coeff=0.07
[KXBTC15M-26APR121615-15] [book] yes bid/ask 0.3800/0.3900 no bid/ask 0.6100/0.6200 spreads yes=0.0100 no=0.0100 pos=-1
[fees] KXBTC-26APR1217-T82249.99 series=KXBTC fee_multiplier=1 coeff=0.07
[KXBTC-26APR1217-T82249.99] [book] yes bid/ask 0/0.0100 no bid/ask 0.9900/1 spreads yes=0.0100 no=0.0100 pos=0
[edge] fair_yes=0.1654398960614128 EV/contract yes=0.1493 no=-0.1561 (est fee/ct yes=0.0011 no=0.0007)
[entry] Skip: direction confidence (YES needs fair_yes>=0.64, NO needs fair_yes<=0.36; fair_yes=0.1654398960614128)
[paper] NAV $49.4355 (cash $48.8255) PnL vs start $-0.5645 (started $50)
[fees] KXBTC15M-26APR121615-15 series=KXBTC15M fee_multiplier=1 coeff=0.07
[KXBTC15M-26APR121615-15] [book] yes bid/ask 0.3600/0.3700 no bid/ask 0.6300/0.6400 spreads yes=0.0100 no=0.0100 pos=-1
[fees] KXBTC-26APR1217-T82249.99 series=KXBTC fee_multiplier=1 coeff=0.07
[KXBTC-26APR1217-T82249.99] [book] yes bid/ask 0/0.0100 no bid/ask 0.9900/1 spreads yes=0.0100 no=0.0100 pos=0
[edge] fair_yes=0.16536849261569186 EV/contract yes=0.1493 no=-0.1561 (est fee/ct yes=0.0011 no=0.0007)
[entry] Skip: direction confidence (YES needs fair_yes>=0.64, NO needs fair_yes<=0.36; fair_yes=0.16536849261569186)
[paper] NAV $49.4655 (cash $48.8255) PnL vs start $-0.5345 (started $50)
[fees] KXBTC15M-26APR121615-15 series=KXBTC15M fee_multiplier=1 coeff=0.07
[KXBTC15M-26APR121615-15] [book] yes bid/ask 0.3400/0.3500 no bid/ask 0.6500/0.6600 spreads yes=0.0100 no=0.0100 pos=-1
[fees] KXBTC-26APR1217-T82249.99 series=KXBTC fee_multiplier=1 coeff=0.07
[KXBTC-26APR1217-T82249.99] [book] yes bid/ask 0/0.0100 no bid/ask 0.9900/1 spreads yes=0.0100 no=0.0100 pos=0
[edge] fair_yes=0.1652897441577125 EV/contract yes=0.1492 no=-0.1560 (est fee/ct yes=0.0011 no=0.0007)
[entry] Skip: direction confidence (YES needs fair_yes>=0.64, NO needs fair_yes<=0.36; fair_yes=0.1652897441577125)
[paper] NAV $49.4755 (cash $48.8255) PnL vs start $-0.5245 (started $50)
[fees] KXBTC15M-26APR121615-15 series=KXBTC15M fee_multiplier=1 coeff=0.07
[KXBTC15M-26APR121615-15] [book] yes bid/ask 0.3200/0.3300 no bid/ask 0.6700/0.6800 spreads yes=0.0100 no=0.0100 pos=-1
[fees] KXBTC-26APR1217-T82249.99 series=KXBTC fee_multiplier=1 coeff=0.07
[KXBTC-26APR1217-T82249.99] [book] yes bid/ask 0/0.0100 no bid/ask 0.9900/1 spreads yes=0.0100 no=0.0100 pos=0
[edge] fair_yes=0.1652245139338763 EV/contract yes=0.1491 no=-0.1559 (est fee/ct yes=0.0011 no=0.0007)
[entry] Skip: direction confidence (YES needs fair_yes>=0.64, NO needs fair_yes<=0.36; fair_yes=0.1652245139338763)
[paper] NAV $49.4955 (cash $48.8255) PnL vs start $-0.5045 (started $50)
[fees] KXBTC15M-26APR121615-15 series=KXBTC15M fee_multiplier=1 coeff=0.07
[KXBTC15M-26APR121615-15] [book] yes bid/ask 0.3200/0.3300 no bid/ask 0.6700/0.6800 spreads yes=0.0100 no=0.0100 pos=-1
[fees] KXBTC-26APR1217-T82249.99 series=KXBTC fee_multiplier=1 coeff=0.07
[KXBTC-26APR1217-T82249.99] [book] yes bid/ask 0/0.0100 no bid/ask 0.9900/1 spreads yes=0.0100 no=0.0100 pos=0
[edge] fair_yes=0.16516232593224087 EV/contract yes=0.1491 no=-0.1559 (est fee/ct yes=0.0011 no=0.0007)
[entry] Skip: direction confidence (YES needs fair_yes>=0.64, NO needs fair_yes<=0.36; fair_yes=0.16516232593224087)
[paper] NAV $49.5055 (cash $48.8255) PnL vs start $-0.4945 (started $50)
[fees] KXBTC15M-26APR121615-15 series=KXBTC15M fee_multiplier=1 coeff=0.07
[KXBTC15M-26APR121615-15] [book] yes bid/ask 0.2300/0.2400 no bid/ask 0.7600/0.7700 spreads yes=0.0100 no=0.0100 pos=-1
[fees] KXBTC-26APR1217-T82249.99 series=KXBTC fee_multiplier=1 coeff=0.07
[KXBTC-26APR1217-T82249.99] [book] yes bid/ask 0/0.0100 no bid/ask 0.9900/1 spreads yes=0.0100 no=0.0100 pos=0
[edge] fair_yes=0.1650994484102967 EV/contract yes=0.1490 no=-0.1558 (est fee/ct yes=0.0011 no=0.0007)
[entry] Skip: direction confidence (YES needs fair_yes>=0.64, NO needs fair_yes<=0.36; fair_yes=0.1650994484102967)
[paper] NAV $49.5955 (cash $48.8255) PnL vs start $-0.4045 (started $50)
[fees] KXBTC15M-26APR121615-15 series=KXBTC15M fee_multiplier=1 coeff=0.07
[KXBTC15M-26APR121615-15] [book] yes bid/ask 0.2200/0.2300 no bid/ask 0.7700/0.7800 spreads yes=0.0100 no=0.0100 pos=-1
[fees] KXBTC-26APR1217-T82249.99 series=KXBTC fee_multiplier=1 coeff=0.07
[KXBTC-26APR1217-T82249.99] [book] yes bid/ask 0/0.0100 no bid/ask 0.9900/1 spreads yes=0.0100 no=0.0100 pos=0
[edge] fair_yes=0.16504001989463563 EV/contract yes=0.1489 no=-0.1557 (est fee/ct yes=0.0011 no=0.0007)
[entry] Skip: direction confidence (YES needs fair_yes>=0.64, NO needs fair_yes<=0.36; fair_yes=0.16504001989463563)
[paper] NAV $49.5955 (cash $48.8255) PnL vs start $-0.4045 (started $50)
[fees] KXBTC15M-26APR121615-15 series=KXBTC15M fee_multiplier=1 coeff=0.07
[KXBTC15M-26APR121615-15] [book] yes bid/ask 0.1800/0.1900 no bid/ask 0.8100/0.8200 spreads yes=0.0100 no=0.0100 pos=-1
[fees] KXBTC-26APR1217-T82249.99 series=KXBTC fee_multiplier=1 coeff=0.07
[KXBTC-26APR1217-T82249.99] [book] yes bid/ask 0/0.0100 no bid/ask 0.9900/1 spreads yes=0.0100 no=0.0100 pos=0
[edge] fair_yes=0.16497047637763237 EV/contract yes=0.1489 no=-0.1557 (est fee/ct yes=0.0011 no=0.0007)
[entry] Skip: direction confidence (YES needs fair_yes>=0.64, NO needs fair_yes<=0.36; fair_yes=0.16497047637763237)
[paper] NAV $49.6455 (cash $48.8255) PnL vs start $-0.3545 (started $50)
[fees] KXBTC15M-26APR121615-15 series=KXBTC15M fee_multiplier=1 coeff=0.07
[KXBTC15M-26APR121615-15] [book] yes bid/ask 0.1400/0.1700 no bid/ask 0.8300/0.8600 spreads yes=0.0300 no=0.0300 pos=-1
[fees] KXBTC-26APR1217-T82249.99 series=KXBTC fee_multiplier=1 coeff=0.07
[KXBTC-26APR1217-T82249.99] [book] yes bid/ask 0/0.0100 no bid/ask 0.9900/1 spreads yes=0.0100 no=0.0100 pos=0
[edge] fair_yes=0.1649069866172275 EV/contract yes=0.1488 no=-0.1556 (est fee/ct yes=0.0011 no=0.0007)
[entry] Skip: direction confidence (YES needs fair_yes>=0.64, NO needs fair_yes<=0.36; fair_yes=0.1649069866172275)
[paper] NAV $49.6555 (cash $48.8255) PnL vs start $-0.3445 (started $50)
[fees] KXBTC15M-26APR121615-15 series=KXBTC15M fee_multiplier=1 coeff=0.07
[KXBTC15M-26APR121615-15] [book] yes bid/ask 0.1400/0.1500 no bid/ask 0.8500/0.8600 spreads yes=0.0100 no=0.0100 pos=-1
[fees] KXBTC-26APR1217-T82249.99 series=KXBTC fee_multiplier=1 coeff=0.07
[KXBTC-26APR1217-T82249.99] [book] yes bid/ask 0/0.0100 no bid/ask 0.9900/1 spreads yes=0.0100 no=0.0100 pos=0
[edge] fair_yes=0.1648424719059325 EV/contract yes=0.1487 no=-0.1555 (est fee/ct yes=0.0011 no=0.0007)
[entry] Skip: direction confidence (YES needs fair_yes>=0.64, NO needs fair_yes<=0.36; fair_yes=0.1648424719059325)
[paper] NAV $49.6755 (cash $48.8255) PnL vs start $-0.3245 (started $50)
[fees] KXBTC15M-26APR121615-15 series=KXBTC15M fee_multiplier=1 coeff=0.07
[KXBTC15M-26APR121615-15] [book] yes bid/ask 0.1300/0.1400 no bid/ask 0.8600/0.8700 spreads yes=0.0100 no=0.0100 pos=-1
[fees] KXBTC-26APR1217-T82249.99 series=KXBTC fee_multiplier=1 coeff=0.07
[KXBTC-26APR1217-T82249.99] [book] yes bid/ask 0/0.0100 no bid/ask 0.9900/1 spreads yes=0.0100 no=0.0100 pos=0
[edge] fair_yes=0.16478327533671872 EV/contract yes=0.1487 no=-0.1555 (est fee/ct yes=0.0011 no=0.0007)
[entry] Skip: direction confidence (YES needs fair_yes>=0.64, NO needs fair_yes<=0.36; fair_yes=0.16478327533671872)
[paper] NAV $49.6655 (cash $48.8255) PnL vs start $-0.3345 (started $50)
[fees] KXBTC15M-26APR121615-15 series=KXBTC15M fee_multiplier=1 coeff=0.07
[KXBTC15M-26APR121615-15] [book] yes bid/ask 0.1500/0.1600 no bid/ask 0.8400/0.8500 spreads yes=0.0100 no=0.0100 pos=-1
[fees] KXBTC-26APR1217-T82249.99 series=KXBTC fee_multiplier=1 coeff=0.07
[KXBTC-26APR1217-T82249.99] [book] yes bid/ask 0/0.0100 no bid/ask 0.9900/1 spreads yes=0.0100 no=0.0100 pos=0
[edge] fair_yes=0.16472445596296273 EV/contract yes=0.1486 no=-0.1554 (est fee/ct yes=0.0011 no=0.0007)
[entry] Skip: direction confidence (YES needs fair_yes>=0.64, NO needs fair_yes<=0.36; fair_yes=0.16472445596296273)
[paper] NAV $49.6755 (cash $48.8255) PnL vs start $-0.3245 (started $50)
[fees] KXBTC15M-26APR121615-15 series=KXBTC15M fee_multiplier=1 coeff=0.07
[KXBTC15M-26APR121615-15] [book] yes bid/ask 0.1100/0.1400 no bid/ask 0.8600/0.8900 spreads yes=0.0300 no=0.0300 pos=-1
[fees] KXBTC-26APR1217-T82249.99 series=KXBTC fee_multiplier=1 coeff=0.07
[KXBTC-26APR1217-T82249.99] [book] yes bid/ask 0/0.0100 no bid/ask 0.9900/1 spreads yes=0.0100 no=0.0100 pos=0
[edge] fair_yes=0.16466623285156254 EV/contract yes=0.1486 no=-0.1554 (est fee/ct yes=0.0011 no=0.0007)
[entry] Skip: direction confidence (YES needs fair_yes>=0.64, NO needs fair_yes<=0.36; fair_yes=0.16466623285156254)
[paper] NAV $49.7055 (cash $48.8255) PnL vs start $-0.2945 (started $50)
[fees] KXBTC15M-26APR121615-15 series=KXBTC15M fee_multiplier=1 coeff=0.07
[KXBTC15M-26APR121615-15] [book] yes bid/ask 0.0600/0.0700 no bid/ask 0.9300/0.9400 spreads yes=0.0100 no=0.0100 pos=-1
[fees] KXBTC-26APR1217-T82249.99 series=KXBTC fee_multiplier=1 coeff=0.07
[KXBTC-26APR1217-T82249.99] [book] yes bid/ask 0/0.0100 no bid/ask 0.9900/1 spreads yes=0.0100 no=0.0100 pos=0
[edge] fair_yes=0.16460708399902402 EV/contract yes=0.1485 no=-0.1553 (est fee/ct yes=0.0011 no=0.0007)
[entry] Skip: direction confidence (YES needs fair_yes>=0.64, NO needs fair_yes<=0.36; fair_yes=0.16460708399902402)
[paper] NAV $49.7515 (cash $48.8255) PnL vs start $-0.2485 (started $50)
[fees] KXBTC15M-26APR121615-15 series=KXBTC15M fee_multiplier=1 coeff=0.07
[KXBTC15M-26APR121615-15] [book] yes bid/ask 0.0540/0.0690 no bid/ask 0.9310/0.9460 spreads yes=0.0150 no=0.0150 pos=-1
[fees] KXBTC-26APR1217-T82249.99 series=KXBTC fee_multiplier=1 coeff=0.07
[KXBTC-26APR1217-T82249.99] [book] yes bid/ask 0/0.0100 no bid/ask 0.9900/1 spreads yes=0.0100 no=0.0100 pos=0
[edge] fair_yes=0.16454656004738039 EV/contract yes=0.1484 no=-0.1552 (est fee/ct yes=0.0011 no=0.0007)
[entry] Skip: direction confidence (YES needs fair_yes>=0.64, NO needs fair_yes<=0.36; fair_yes=0.16454656004738039)
[paper] NAV $49.7655 (cash $48.8255) PnL vs start $-0.2345 (started $50)
[fees] KXBTC15M-26APR121615-15 series=KXBTC15M fee_multiplier=1 coeff=0.07
[KXBTC15M-26APR121615-15] [book] yes bid/ask 0.0400/0.0500 no bid/ask 0.9500/0.9600 spreads yes=0.0100 no=0.0100 pos=-1
[fees] KXBTC-26APR1217-T82249.99 series=KXBTC fee_multiplier=1 coeff=0.07
[KXBTC-26APR1217-T82249.99] [book] yes bid/ask 0/0.0100 no bid/ask 0.9900/1 spreads yes=0.0100 no=0.0100 pos=0
[edge] fair_yes=0.1644865881347544 EV/contract yes=0.1484 no=-0.1552 (est fee/ct yes=0.0011 no=0.0007)
[entry] Skip: direction confidence (YES needs fair_yes>=0.64, NO needs fair_yes<=0.36; fair_yes=0.1644865881347544)
[paper] NAV $49.7825 (cash $48.8255) PnL vs start $-0.2175 (started $50)
[fees] KXBTC15M-26APR121615-15 series=KXBTC15M fee_multiplier=1 coeff=0.07
[KXBTC15M-26APR121615-15] [book] yes bid/ask 0.0300/0.0390 no bid/ask 0.9610/0.9700 spreads yes=0.0090 no=0.0090 pos=-1
[fees] KXBTC-26APR1217-T82249.99 series=KXBTC fee_multiplier=1 coeff=0.07
[KXBTC-26APR1217-T82249.99] [book] yes bid/ask 0/0.0100 no bid/ask 0.9900/1 spreads yes=0.0100 no=0.0100 pos=0
[edge] fair_yes=0.1644195319961287 EV/contract yes=0.1483 no=-0.1551 (est fee/ct yes=0.0011 no=0.0007)
[entry] Skip: direction confidence (YES needs fair_yes>=0.64, NO needs fair_yes<=0.36; fair_yes=0.1644195319961287)
[paper] NAV $49.7865 (cash $48.8255) PnL vs start $-0.2135 (started $50)
[fees] KXBTC15M-26APR121615-15 series=KXBTC15M fee_multiplier=1 coeff=0.07
[KXBTC15M-26APR121615-15] [book] yes bid/ask 0.0300/0.0350 no bid/ask 0.9650/0.9700 spreads yes=0.0050 no=0.0050 pos=-1
[fees] KXBTC-26APR1217-T82249.99 series=KXBTC fee_multiplier=1 coeff=0.07
[KXBTC-26APR1217-T82249.99] [book] yes bid/ask 0/0.0100 no bid/ask 0.9900/1 spreads yes=0.0100 no=0.0100 pos=0
[edge] fair_yes=0.16435930988150918 EV/contract yes=0.1483 no=-0.1551 (est fee/ct yes=0.0011 no=0.0007)
[entry] Skip: direction confidence (YES needs fair_yes>=0.64, NO needs fair_yes<=0.36; fair_yes=0.16435930988150918)
[paper] NAV $49.7875 (cash $48.8255) PnL vs start $-0.2125 (started $50)
[fees] KXBTC15M-26APR121615-15 series=KXBTC15M fee_multiplier=1 coeff=0.07
[KXBTC15M-26APR121615-15] [book] yes bid/ask 0.0350/0.0410 no bid/ask 0.9590/0.9650 spreads yes=0.0060 no=0.0060 pos=-1
[fees] KXBTC-26APR1217-T82249.99 series=KXBTC fee_multiplier=1 coeff=0.07
[KXBTC-26APR1217-T82249.99] [book] yes bid/ask 0/0.0100 no bid/ask 0.9900/1 spreads yes=0.0100 no=0.0100 pos=0
[edge] fair_yes=0.16429469177647815 EV/contract yes=0.1482 no=-0.1550 (est fee/ct yes=0.0011 no=0.0007)
[entry] Skip: direction confidence (YES needs fair_yes>=0.64, NO needs fair_yes<=0.36; fair_yes=0.16429469177647815)
[paper] NAV $49.7845 (cash $48.8255) PnL vs start $-0.2155 (started $50)
[fees] KXBTC15M-26APR121615-15 series=KXBTC15M fee_multiplier=1 coeff=0.07
[KXBTC15M-26APR121615-15] [book] yes bid/ask 0.0380/0.0390 no bid/ask 0.9610/0.9620 spreads yes=0.0010 no=0.0010 pos=-1
[fees] KXBTC-26APR1217-T82249.99 series=KXBTC fee_multiplier=1 coeff=0.07
[KXBTC-26APR1217-T82249.99] [book] yes bid/ask 0/0.0100 no bid/ask 0.9900/1 spreads yes=0.0100 no=0.0100 pos=0
[edge] fair_yes=0.16423271358235972 EV/contract yes=0.1481 no=-0.1549 (est fee/ct yes=0.0011 no=0.0007)
[entry] Skip: direction confidence (YES needs fair_yes>=0.64, NO needs fair_yes<=0.36; fair_yes=0.16423271358235972)
[paper] NAV $49.7865 (cash $48.8255) PnL vs start $-0.2135 (started $50)
[fees] KXBTC15M-26APR121615-15 series=KXBTC15M fee_multiplier=1 coeff=0.07
[KXBTC15M-26APR121615-15] [book] yes bid/ask 0.0490/0.0590 no bid/ask 0.9410/0.9510 spreads yes=0.0100 no=0.0100 pos=-1
[fees] KXBTC-26APR1217-T82249.99 series=KXBTC fee_multiplier=1 coeff=0.07
[KXBTC-26APR1217-T82249.99] [book] yes bid/ask 0/0.0100 no bid/ask 0.9900/1 spreads yes=0.0100 no=0.0100 pos=0
[edge] fair_yes=0.16416517630892422 EV/contract yes=0.1481 no=-0.1549 (est fee/ct yes=0.0011 no=0.0007)
[entry] Skip: direction confidence (YES needs fair_yes>=0.64, NO needs fair_yes<=0.36; fair_yes=0.16416517630892422)
[paper] NAV $49.7675 (cash $48.8255) PnL vs start $-0.2325 (started $50)
[fees] KXBTC15M-26APR121615-15 series=KXBTC15M fee_multiplier=1 coeff=0.07
[KXBTC15M-26APR121615-15] [book] yes bid/ask 0.0600/0.0660 no bid/ask 0.9340/0.9400 spreads yes=0.0060 no=0.0060 pos=-1
[fees] KXBTC-26APR1217-T82249.99 series=KXBTC fee_multiplier=1 coeff=0.07
[KXBTC-26APR1217-T82249.99] [book] yes bid/ask 0/0.0100 no bid/ask 0.9900/1 spreads yes=0.0100 no=0.0100 pos=0
[edge] fair_yes=0.16409318767316802 EV/contract yes=0.1480 no=-0.1548 (est fee/ct yes=0.0011 no=0.0007)
[entry] Skip: direction confidence (YES needs fair_yes>=0.64, NO needs fair_yes<=0.36; fair_yes=0.16409318767316802)
[paper] NAV $49.7515 (cash $48.8255) PnL vs start $-0.2485 (started $50)
[fees] KXBTC15M-26APR121615-15 series=KXBTC15M fee_multiplier=1 coeff=0.07
[KXBTC15M-26APR121615-15] [book] yes bid/ask 0.0520/0.0590 no bid/ask 0.9410/0.9480 spreads yes=0.0070 no=0.0070 pos=-1
[fees] KXBTC-26APR1217-T82249.99 series=KXBTC fee_multiplier=1 coeff=0.07
[KXBTC-26APR1217-T82249.99] [book] yes bid/ask 0/0.0100 no bid/ask 0.9900/1 spreads yes=0.0100 no=0.0100 pos=0
[edge] fair_yes=0.16402054833456084 EV/contract yes=0.1479 no=-0.1547 (est fee/ct yes=0.0011 no=0.0007)
[entry] Skip: direction confidence (YES needs fair_yes>=0.64, NO needs fair_yes<=0.36; fair_yes=0.16402054833456084)
[paper] NAV $49.7665 (cash $48.8255) PnL vs start $-0.2335 (started $50)
[fees] KXBTC15M-26APR121615-15 series=KXBTC15M fee_multiplier=1 coeff=0.07
[KXBTC15M-26APR121615-15] [book] yes bid/ask 0.0500/0.0590 no bid/ask 0.9410/0.9500 spreads yes=0.0090 no=0.0090 pos=-1
[fees] KXBTC-26APR1217-T82249.99 series=KXBTC fee_multiplier=1 coeff=0.07
[KXBTC-26APR1217-T82249.99] [book] yes bid/ask 0/0.0100 no bid/ask 0.9900/1 spreads yes=0.0100 no=0.0100 pos=0
[edge] fair_yes=0.16395181021646527 EV/contract yes=0.1479 no=-0.1547 (est fee/ct yes=0.0011 no=0.0007)
[entry] Skip: direction confidence (YES needs fair_yes>=0.64, NO needs fair_yes<=0.36; fair_yes=0.16395181021646527)
[paper] NAV $49.7665 (cash $48.8255) PnL vs start $-0.2335 (started $50)
[fees] KXBTC15M-26APR121615-15 series=KXBTC15M fee_multiplier=1 coeff=0.07
[KXBTC15M-26APR121615-15] [book] yes bid/ask 0.0640/0.0670 no bid/ask 0.9330/0.9360 spreads yes=0.0030 no=0.0030 pos=-1
[fees] KXBTC-26APR1217-T82249.99 series=KXBTC fee_multiplier=1 coeff=0.07
[KXBTC-26APR1217-T82249.99] [book] yes bid/ask 0/0.0100 no bid/ask 0.9900/1 spreads yes=0.0100 no=0.0100 pos=0
[edge] fair_yes=0.16388191754781978 EV/contract yes=0.1478 no=-0.1546 (est fee/ct yes=0.0011 no=0.0007)
[entry] Skip: direction confidence (YES needs fair_yes>=0.64, NO needs fair_yes<=0.36; fair_yes=0.16388191754781978)
[paper] NAV $49.7595 (cash $48.8255) PnL vs start $-0.2405 (started $50)
[fees] KXBTC15M-26APR121615-15 series=KXBTC15M fee_multiplier=1 coeff=0.07
[KXBTC15M-26APR121615-15] [book] yes bid/ask 0.0600/0.0670 no bid/ask 0.9330/0.9400 spreads yes=0.0070 no=0.0070 pos=-1
[fees] KXBTC-26APR1217-T82249.99 series=KXBTC fee_multiplier=1 coeff=0.07
[KXBTC-26APR1217-T82249.99] [book] yes bid/ask 0/0.0100 no bid/ask 0.9900/1 spreads yes=0.0100 no=0.0100 pos=0
[edge] fair_yes=0.16381538384752112 EV/contract yes=0.1477 no=-0.1545 (est fee/ct yes=0.0011 no=0.0007)
[entry] Skip: direction confidence (YES needs fair_yes>=0.64, NO needs fair_yes<=0.36; fair_yes=0.16381538384752112)
[paper] NAV $49.7605 (cash $48.8255) PnL vs start $-0.2395 (started $50)
[fees] KXBTC15M-26APR121615-15 series=KXBTC15M fee_multiplier=1 coeff=0.07
[KXBTC15M-26APR121615-15] [book] yes bid/ask 0.0290/0.0380 no bid/ask 0.9620/0.9710 spreads yes=0.0090 no=0.0090 pos=-1
[fees] KXBTC-26APR1217-T82249.99 series=KXBTC fee_multiplier=1 coeff=0.07
[KXBTC-26APR1217-T82249.99] [book] yes bid/ask 0/0.0100 no bid/ask 0.9900/1 spreads yes=0.0100 no=0.0100 pos=0
[edge] fair_yes=0.1637448767274141 EV/contract yes=0.1476 no=-0.1544 (est fee/ct yes=0.0011 no=0.0007)
[entry] Skip: direction confidence (YES needs fair_yes>=0.64, NO needs fair_yes<=0.36; fair_yes=0.1637448767274141)
[paper] NAV $49.7905 (cash $48.8255) PnL vs start $-0.2095 (started $50)
[fees] KXBTC15M-26APR121615-15 series=KXBTC15M fee_multiplier=1 coeff=0.07
[KXBTC15M-26APR121615-15] [book] yes bid/ask 0.0110/0.0140 no bid/ask 0.9860/0.9890 spreads yes=0.0030 no=0.0030 pos=-1
[fees] KXBTC-26APR1217-T82249.99 series=KXBTC fee_multiplier=1 coeff=0.07
[KXBTC-26APR1217-T82249.99] [book] yes bid/ask 0/0.0100 no bid/ask 0.9900/1 spreads yes=0.0100 no=0.0100 pos=0
[edge] fair_yes=0.1636746129338551 EV/contract yes=0.1476 no=-0.1544 (est fee/ct yes=0.0011 no=0.0007)
[entry] Skip: direction confidence (YES needs fair_yes>=0.64, NO needs fair_yes<=0.36; fair_yes=0.1636746129338551)
[paper] NAV $49.8105 (cash $48.8255) PnL vs start $-0.1895 (started $50)
[fees] KXBTC15M-26APR121615-15 series=KXBTC15M fee_multiplier=1 coeff=0.07
[KXBTC15M-26APR121615-15] [book] yes bid/ask 0.0100/0.0150 no bid/ask 0.9850/0.9900 spreads yes=0.0050 no=0.0050 pos=-1
[fees] KXBTC-26APR1217-T82249.99 series=KXBTC fee_multiplier=1 coeff=0.07
[KXBTC-26APR1217-T82249.99] [book] yes bid/ask 0/0.0100 no bid/ask 0.9900/1 spreads yes=0.0100 no=0.0100 pos=0
[edge] fair_yes=0.16361062166200918 EV/contract yes=0.1475 no=-0.1543 (est fee/ct yes=0.0011 no=0.0007)
[entry] Skip: direction confidence (YES needs fair_yes>=0.64, NO needs fair_yes<=0.36; fair_yes=0.16361062166200918)
[paper] NAV $49.8135 (cash $48.8255) PnL vs start $-0.1865 (started $50)
[fees] KXBTC15M-26APR121615-15 series=KXBTC15M fee_multiplier=1 coeff=0.07
[KXBTC15M-26APR121615-15] [book] yes bid/ask 0.0100/0.0130 no bid/ask 0.9870/0.9900 spreads yes=0.0030 no=0.0030 pos=-1
[fees] KXBTC-26APR1217-T82249.99 series=KXBTC fee_multiplier=1 coeff=0.07
[KXBTC-26APR1217-T82249.99] [book] yes bid/ask 0/0.0100 no bid/ask 0.9900/1 spreads yes=0.0100 no=0.0100 pos=0
[edge] fair_yes=0.1635476707620054 EV/contract yes=0.1474 no=-0.1542 (est fee/ct yes=0.0011 no=0.0007)
[entry] Skip: direction confidence (YES needs fair_yes>=0.64, NO needs fair_yes<=0.36; fair_yes=0.1635476707620054)
[paper] NAV $49.8105 (cash $48.8255) PnL vs start $-0.1895 (started $50)
[fees] KXBTC15M-26APR121615-15 series=KXBTC15M fee_multiplier=1 coeff=0.07
[KXBTC15M-26APR121615-15] [book] yes bid/ask 0.0090/0.0110 no bid/ask 0.9890/0.9910 spreads yes=0.0020 no=0.0020 pos=-1
[fees] KXBTC-26APR1217-T82249.99 series=KXBTC fee_multiplier=1 coeff=0.07
[KXBTC-26APR1217-T82249.99] [book] yes bid/ask 0/0.0100 no bid/ask 0.9900/1 spreads yes=0.0100 no=0.0100 pos=0
[edge] fair_yes=0.1634754834285046 EV/contract yes=0.1474 no=-0.1542 (est fee/ct yes=0.0011 no=0.0007)
[entry] Skip: direction confidence (YES needs fair_yes>=0.64, NO needs fair_yes<=0.36; fair_yes=0.1634754834285046)
[paper] NAV $49.8135 (cash $48.8255) PnL vs start $-0.1865 (started $50)
[fees] KXBTC15M-26APR121615-15 series=KXBTC15M fee_multiplier=1 coeff=0.07
[KXBTC15M-26APR121615-15] [book] yes bid/ask 0.0110/0.0120 no bid/ask 0.9880/0.9890 spreads yes=0.0010 no=0.0010 pos=-1
[fees] KXBTC-26APR1217-T82249.99 series=KXBTC fee_multiplier=1 coeff=0.07
[KXBTC-26APR1217-T82249.99] [book] yes bid/ask 0/0.0100 no bid/ask 0.9900/1 spreads yes=0.0100 no=0.0100 pos=0
[edge] fair_yes=0.16340707405911178 EV/contract yes=0.1473 no=-0.1541 (est fee/ct yes=0.0011 no=0.0007)
[entry] Skip: direction confidence (YES needs fair_yes>=0.64, NO needs fair_yes<=0.36; fair_yes=0.16340707405911178)
[paper] NAV $49.8135 (cash $48.8255) PnL vs start $-0.1865 (started $50)
[fees] KXBTC15M-26APR121615-15 series=KXBTC15M fee_multiplier=1 coeff=0.07
[KXBTC15M-26APR121615-15] [book] yes bid/ask 0.0110/0.0180 no bid/ask 0.9820/0.9890 spreads yes=0.0070 no=0.0070 pos=-1
[fees] KXBTC-26APR1217-T82249.99 series=KXBTC fee_multiplier=1 coeff=0.07
[KXBTC-26APR1217-T82249.99] [book] yes bid/ask 0/0.0100 no bid/ask 0.9900/1 spreads yes=0.0100 no=0.0100 pos=0
[edge] fair_yes=0.16333913336407677 EV/contract yes=0.1472 no=-0.1540 (est fee/ct yes=0.0011 no=0.0007)
[entry] Skip: direction confidence (YES needs fair_yes>=0.64, NO needs fair_yes<=0.36; fair_yes=0.16333913336407677)
[paper] NAV $49.8115 (cash $48.8255) PnL vs start $-0.1885 (started $50)
[fees] KXBTC15M-26APR121615-15 series=KXBTC15M fee_multiplier=1 coeff=0.07
[KXBTC15M-26APR121615-15] [book] yes bid/ask 0.0050/0.0140 no bid/ask 0.9860/0.9950 spreads yes=0.0090 no=0.0090 pos=-1
[fees] KXBTC-26APR1217-T82249.99 series=KXBTC fee_multiplier=1 coeff=0.07
[KXBTC-26APR1217-T82249.99] [book] yes bid/ask 0/0.0100 no bid/ask 0.9900/1 spreads yes=0.0100 no=0.0100 pos=0
[edge] fair_yes=0.1632711065582085 EV/contract yes=0.1472 no=-0.1540 (est fee/ct yes=0.0011 no=0.0007)
[entry] Skip: direction confidence (YES needs fair_yes>=0.64, NO needs fair_yes<=0.36; fair_yes=0.1632711065582085)
[paper] NAV $49.8125 (cash $48.8255) PnL vs start $-0.1875 (started $50)
[fees] KXBTC15M-26APR121615-15 series=KXBTC15M fee_multiplier=1 coeff=0.07
[KXBTC15M-26APR121615-15] [book] yes bid/ask 0.0100/0.0150 no bid/ask 0.9850/0.9900 spreads yes=0.0050 no=0.0050 pos=-1
[fees] KXBTC-26APR1217-T82249.99 series=KXBTC fee_multiplier=1 coeff=0.07
[KXBTC-26APR1217-T82249.99] [book] yes bid/ask 0/0.0100 no bid/ask 0.9900/1 spreads yes=0.0100 no=0.0100 pos=0
[edge] fair_yes=0.16320518557858182 EV/contract yes=0.1471 no=-0.1539 (est fee/ct yes=0.0011 no=0.0007)
[entry] Skip: direction confidence (YES needs fair_yes>=0.64, NO needs fair_yes<=0.36; fair_yes=0.16320518557858182)
[paper] NAV $49.8115 (cash $48.8255) PnL vs start $-0.1885 (started $50)
[fees] KXBTC15M-26APR121615-15 series=KXBTC15M fee_multiplier=1 coeff=0.07
[KXBTC15M-26APR121615-15] [book] yes bid/ask 0.0050/0.0090 no bid/ask 0.9910/0.9950 spreads yes=0.0040 no=0.0040 pos=-1
[fees] KXBTC-26APR1217-T82249.99 series=KXBTC fee_multiplier=1 coeff=0.07
[KXBTC-26APR1217-T82249.99] [book] yes bid/ask 0/0.0100 no bid/ask 0.9900/1 spreads yes=0.0100 no=0.0100 pos=0
[edge] fair_yes=0.1631395792917707 EV/contract yes=0.1470 no=-0.1538 (est fee/ct yes=0.0011 no=0.0007)
[entry] Skip: direction confidence (YES needs fair_yes>=0.64, NO needs fair_yes<=0.36; fair_yes=0.1631395792917707)
[paper] NAV $49.8165 (cash $48.8255) PnL vs start $-0.1835 (started $50)
[fees] KXBTC15M-26APR121615-15 series=KXBTC15M fee_multiplier=1 coeff=0.07
[KXBTC15M-26APR121615-15] [book] yes bid/ask 0.0050/0.0090 no bid/ask 0.9910/0.9950 spreads yes=0.0040 no=0.0040 pos=-1
[fees] KXBTC-26APR1217-T82249.99 series=KXBTC fee_multiplier=1 coeff=0.07
[KXBTC-26APR1217-T82249.99] [book] yes bid/ask 0/0.0100 no bid/ask 0.9900/1 spreads yes=0.0100 no=0.0100 pos=0
[edge] fair_yes=0.16307249140767233 EV/contract yes=0.1470 no=-0.1538 (est fee/ct yes=0.0011 no=0.0007)
[entry] Skip: direction confidence (YES needs fair_yes>=0.64, NO needs fair_yes<=0.36; fair_yes=0.16307249140767233)
[paper] NAV $49.8165 (cash $48.8255) PnL vs start $-0.1835 (started $50)
[fees] KXBTC15M-26APR121615-15 series=KXBTC15M fee_multiplier=1 coeff=0.07
[KXBTC15M-26APR121615-15] [book] yes bid/ask 0.0050/0.0090 no bid/ask 0.9910/0.9950 spreads yes=0.0040 no=0.0040 pos=-1
[fees] KXBTC-26APR1217-T82249.99 series=KXBTC fee_multiplier=1 coeff=0.07
[KXBTC-26APR1217-T82249.99] [book] yes bid/ask 0/0.0100 no bid/ask 0.9900/1 spreads yes=0.0100 no=0.0100 pos=0
[edge] fair_yes=0.16299817400865044 EV/contract yes=0.1469 no=-0.1537 (est fee/ct yes=0.0011 no=0.0007)
[entry] Skip: direction confidence (YES needs fair_yes>=0.64, NO needs fair_yes<=0.36; fair_yes=0.16299817400865044)
[paper] NAV $49.8165 (cash $48.8255) PnL vs start $-0.1835 (started $50)
[fees] KXBTC15M-26APR121615-15 series=KXBTC15M fee_multiplier=1 coeff=0.07
[KXBTC15M-26APR121615-15] [book] yes bid/ask 0.0050/0.0080 no bid/ask 0.9920/0.9950 spreads yes=0.0030 no=0.0030 pos=-1
[fees] KXBTC-26APR1217-T82249.99 series=KXBTC fee_multiplier=1 coeff=0.07
[KXBTC-26APR1217-T82249.99] [book] yes bid/ask 0/0.0100 no bid/ask 0.9900/1 spreads yes=0.0100 no=0.0100 pos=0
[edge] fair_yes=0.16292869961523385 EV/contract yes=0.1468 no=-0.1536 (est fee/ct yes=0.0011 no=0.0007)
[entry] Skip: direction confidence (YES needs fair_yes>=0.64, NO needs fair_yes<=0.36; fair_yes=0.16292869961523385)
[paper] NAV $49.8175 (cash $48.8255) PnL vs start $-0.1825 (started $50)
[fees] KXBTC15M-26APR121615-15 series=KXBTC15M fee_multiplier=1 coeff=0.07
[KXBTC15M-26APR121615-15] [book] yes bid/ask 0.0050/0.0060 no bid/ask 0.9940/0.9950 spreads yes=0.0010 no=0.0010 pos=-1
[fees] KXBTC-26APR1217-T82249.99 series=KXBTC fee_multiplier=1 coeff=0.07
[KXBTC-26APR1217-T82249.99] [book] yes bid/ask 0/0.0100 no bid/ask 0.9900/1 spreads yes=0.0100 no=0.0100 pos=0
[edge] fair_yes=0.1628593828570886 EV/contract yes=0.1468 no=-0.1536 (est fee/ct yes=0.0011 no=0.0007)
[entry] Skip: direction confidence (YES needs fair_yes>=0.64, NO needs fair_yes<=0.36; fair_yes=0.1628593828570886)
[paper] NAV $49.8185 (cash $48.8255) PnL vs start $-0.1815 (started $50)
[fees] KXBTC15M-26APR121615-15 series=KXBTC15M fee_multiplier=1 coeff=0.07
[KXBTC15M-26APR121615-15] [book] yes bid/ask 0.0060/0.0080 no bid/ask 0.9920/0.9940 spreads yes=0.0020 no=0.0020 pos=-1
[fees] KXBTC-26APR1217-T82249.99 series=KXBTC fee_multiplier=1 coeff=0.07
[KXBTC-26APR1217-T82249.99] [book] yes bid/ask 0/0.0100 no bid/ask 0.9900/1 spreads yes=0.0100 no=0.0100 pos=0
[edge] fair_yes=0.1627931578847334 EV/contract yes=0.1467 no=-0.1535 (est fee/ct yes=0.0011 no=0.0007)
[entry] Skip: direction confidence (YES needs fair_yes>=0.64, NO needs fair_yes<=0.36; fair_yes=0.1627931578847334)
[paper] NAV $49.8185 (cash $48.8255) PnL vs start $-0.1815 (started $50)
[fees] KXBTC15M-26APR121615-15 series=KXBTC15M fee_multiplier=1 coeff=0.07
[KXBTC15M-26APR121615-15] [book] yes bid/ask 0.0050/0.0080 no bid/ask 0.9920/0.9950 spreads yes=0.0030 no=0.0030 pos=-1
[fees] KXBTC-26APR1217-T82249.99 series=KXBTC fee_multiplier=1 coeff=0.07
[KXBTC-26APR1217-T82249.99] [book] yes bid/ask 0/0.0100 no bid/ask 0.9900/1 spreads yes=0.0100 no=0.0100 pos=0
[edge] fair_yes=0.1627278332162335 EV/contract yes=0.1466 no=-0.1534 (est fee/ct yes=0.0011 no=0.0007)
[entry] Skip: direction confidence (YES needs fair_yes>=0.64, NO needs fair_yes<=0.36; fair_yes=0.1627278332162335)
[paper] NAV $49.8185 (cash $48.8255) PnL vs start $-0.1815 (started $50)
[fees] KXBTC15M-26APR121615-15 series=KXBTC15M fee_multiplier=1 coeff=0.07
[KXBTC15M-26APR121615-15] [book] yes bid/ask 0.0050/0.0060 no bid/ask 0.9940/0.9950 spreads yes=0.0010 no=0.0010 pos=-1
[fees] KXBTC-26APR1217-T82249.99 series=KXBTC fee_multiplier=1 coeff=0.07
[KXBTC-26APR1217-T82249.99] [book] yes bid/ask 0/0.0100 no bid/ask 0.9900/1 spreads yes=0.0100 no=0.0100 pos=0
[edge] fair_yes=0.16265008399429104 EV/contract yes=0.1466 no=-0.1534 (est fee/ct yes=0.0011 no=0.0007)
[entry] Skip: direction confidence (YES needs fair_yes>=0.64, NO needs fair_yes<=0.36; fair_yes=0.16265008399429104)
[paper] NAV $49.8195 (cash $48.8255) PnL vs start $-0.1805 (started $50)
[fees] KXBTC15M-26APR121615-15 series=KXBTC15M fee_multiplier=1 coeff=0.07
[KXBTC15M-26APR121615-15] [book] yes bid/ask 0.0050/0.0060 no bid/ask 0.9940/0.9950 spreads yes=0.0010 no=0.0010 pos=-1
[fees] KXBTC-26APR1217-T82249.99 series=KXBTC fee_multiplier=1 coeff=0.07
[KXBTC-26APR1217-T82249.99] [book] yes bid/ask 0/0.0100 no bid/ask 0.9900/1 spreads yes=0.0100 no=0.0100 pos=0
[edge] fair_yes=0.16257228779264193 EV/contract yes=0.1465 no=-0.1533 (est fee/ct yes=0.0011 no=0.0007)
[entry] Skip: direction confidence (YES needs fair_yes>=0.64, NO needs fair_yes<=0.36; fair_yes=0.16257228779264193)
[paper] NAV $49.8185 (cash $48.8255) PnL vs start $-0.1815 (started $50)
[fees] KXBTC15M-26APR121615-15 series=KXBTC15M fee_multiplier=1 coeff=0.07
[KXBTC15M-26APR121615-15] [book] yes bid/ask 0.0050/0.0070 no bid/ask 0.9930/0.9950 spreads yes=0.0020 no=0.0020 pos=-1
[fees] KXBTC-26APR1217-T82249.99 series=KXBTC fee_multiplier=1 coeff=0.07
[KXBTC-26APR1217-T82249.99] [book] yes bid/ask 0/0.0100 no bid/ask 0.9900/1 spreads yes=0.0100 no=0.0100 pos=0
[edge] fair_yes=0.16249722746602138 EV/contract yes=0.1464 no=-0.1532 (est fee/ct yes=0.0011 no=0.0007)
[entry] Skip: direction confidence (YES needs fair_yes>=0.64, NO needs fair_yes<=0.36; fair_yes=0.16249722746602138)
[paper] NAV $49.8185 (cash $48.8255) PnL vs start $-0.1815 (started $50)
[fees] KXBTC15M-26APR121615-15 series=KXBTC15M fee_multiplier=1 coeff=0.07
[KXBTC15M-26APR121615-15] [book] yes bid/ask 0.0050/0.0060 no bid/ask 0.9940/0.9950 spreads yes=0.0010 no=0.0010 pos=-1
[fees] KXBTC-26APR1217-T82249.99 series=KXBTC fee_multiplier=1 coeff=0.07
[KXBTC-26APR1217-T82249.99] [book] yes bid/ask 0/0.0100 no bid/ask 0.9900/1 spreads yes=0.0100 no=0.0100 pos=0
[edge] fair_yes=0.16242405578544072 EV/contract yes=0.1463 no=-0.1531 (est fee/ct yes=0.0011 no=0.0007)
[entry] Skip: direction confidence (YES needs fair_yes>=0.64, NO needs fair_yes<=0.36; fair_yes=0.16242405578544072)
[paper] NAV $49.8195 (cash $48.8255) PnL vs start $-0.1805 (started $50)
[fees] KXBTC15M-26APR121615-15 series=KXBTC15M fee_multiplier=1 coeff=0.07
[KXBTC15M-26APR121615-15] [book] yes bid/ask 0.0040/0.0060 no bid/ask 0.9940/0.9960 spreads yes=0.0020 no=0.0020 pos=-1
[fees] KXBTC-26APR1217-T82249.99 series=KXBTC fee_multiplier=1 coeff=0.07
[KXBTC-26APR1217-T82249.99] [book] yes bid/ask 0/0.0100 no bid/ask 0.9900/1 spreads yes=0.0100 no=0.0100 pos=0
[edge] fair_yes=0.16235462470839077 EV/contract yes=0.1463 no=-0.1531 (est fee/ct yes=0.0011 no=0.0007)
[entry] Skip: direction confidence (YES needs fair_yes>=0.64, NO needs fair_yes<=0.36; fair_yes=0.16235462470839077)
[paper] NAV $49.8195 (cash $48.8255) PnL vs start $-0.1805 (started $50)
[fees] KXBTC15M-26APR121615-15 series=KXBTC15M fee_multiplier=1 coeff=0.07
[KXBTC15M-26APR121615-15] [book] yes bid/ask 0.0020/0.0050 no bid/ask 0.9950/0.9980 spreads yes=0.0030 no=0.0030 pos=-1
[fees] KXBTC-26APR1217-T82249.99 series=KXBTC fee_multiplier=1 coeff=0.07
[KXBTC-26APR1217-T82249.99] [book] yes bid/ask 0/0.0100 no bid/ask 0.9900/1 spreads yes=0.0100 no=0.0100 pos=0
[edge] fair_yes=0.1622883202348019 EV/contract yes=0.1462 no=-0.1530 (est fee/ct yes=0.0011 no=0.0007)
[entry] Skip: direction confidence (YES needs fair_yes>=0.64, NO needs fair_yes<=0.36; fair_yes=0.1622883202348019)
[paper] NAV $49.8215 (cash $48.8255) PnL vs start $-0.1785 (started $50)
[fees] KXBTC15M-26APR121615-15 series=KXBTC15M fee_multiplier=1 coeff=0.07
[KXBTC15M-26APR121615-15] [book] yes bid/ask 0/0.0010 no bid/ask 0.9990/1 spreads yes=0.0010 no=0.0010 pos=-1
[fees] KXBTC-26APR1217-T82249.99 series=KXBTC fee_multiplier=1 coeff=0.07
[KXBTC-26APR1217-T82249.99] [book] yes bid/ask 0/0.0100 no bid/ask 0.9900/1 spreads yes=0.0100 no=0.0100 pos=0
[edge] fair_yes=0.16221547068229278 EV/contract yes=0.1461 no=-0.1529 (est fee/ct yes=0.0011 no=0.0007)
[entry] Skip: direction confidence (YES needs fair_yes>=0.64, NO needs fair_yes<=0.36; fair_yes=0.16221547068229278)
[paper] NAV $49.8245 (cash $48.8255) PnL vs start $-0.1755 (started $50)
[fees] KXBTC15M-26APR121615-15 series=KXBTC15M fee_multiplier=1 coeff=0.07
[KXBTC15M-26APR121615-15] [book] yes bid/ask 0/0.0010 no bid/ask 0.9990/1 spreads yes=0.0010 no=0.0010 pos=-1
[fees] KXBTC-26APR1217-T82249.99 series=KXBTC fee_multiplier=1 coeff=0.07
[KXBTC-26APR1217-T82249.99] [book] yes bid/ask 0/0.0100 no bid/ask 0.9900/1 spreads yes=0.0100 no=0.0100 pos=0
[edge] fair_yes=0.16214538884772145 EV/contract yes=0.1460 no=-0.1528 (est fee/ct yes=0.0011 no=0.0007)
[entry] Skip: direction confidence (YES needs fair_yes>=0.64, NO needs fair_yes<=0.36; fair_yes=0.16214538884772145)
[paper] NAV $49.8245 (cash $48.8255) PnL vs start $-0.1755 (started $50)
[fees] KXBTC15M-26APR121615-15 series=KXBTC15M fee_multiplier=1 coeff=0.07
[KXBTC15M-26APR121615-15] [book] yes bid/ask 0/0.0010 no bid/ask 0.9990/1 spreads yes=0.0010 no=0.0010 pos=-1
[fees] KXBTC-26APR1217-T82249.99 series=KXBTC fee_multiplier=1 coeff=0.07
[KXBTC-26APR1217-T82249.99] [book] yes bid/ask 0/0.0100 no bid/ask 0.9900/1 spreads yes=0.0100 no=0.0100 pos=0
[edge] fair_yes=0.16207043924347908 EV/contract yes=0.1460 no=-0.1528 (est fee/ct yes=0.0011 no=0.0007)
[entry] Skip: direction confidence (YES needs fair_yes>=0.64, NO needs fair_yes<=0.36; fair_yes=0.16207043924347908)
[paper] NAV $49.8245 (cash $48.8255) PnL vs start $-0.1755 (started $50)
[fees] KXBTC15M-26APR121615-15 series=KXBTC15M fee_multiplier=1 coeff=0.07
[KXBTC15M-26APR121615-15] [book] yes bid/ask 0/0.0010 no bid/ask 0.9990/1 spreads yes=0.0010 no=0.0010 pos=-1
[fees] KXBTC-26APR1217-T82249.99 series=KXBTC fee_multiplier=1 coeff=0.07
[KXBTC-26APR1217-T82249.99] [book] yes bid/ask 0/0.0100 no bid/ask 0.9900/1 spreads yes=0.0100 no=0.0100 pos=0
[edge] fair_yes=0.16200124294752347 EV/contract yes=0.1459 no=-0.1527 (est fee/ct yes=0.0011 no=0.0007)
[entry] Skip: direction confidence (YES needs fair_yes>=0.64, NO needs fair_yes<=0.36; fair_yes=0.16200124294752347)
[paper] NAV $49.8245 (cash $48.8255) PnL vs start $-0.1755 (started $50)
[fees] KXBTC15M-26APR121615-15 series=KXBTC15M fee_multiplier=1 coeff=0.07
[KXBTC15M-26APR121615-15] [book] yes bid/ask 0/0.0010 no bid/ask 0.9990/1 spreads yes=0.0010 no=0.0010 pos=-1
[fees] KXBTC-26APR1217-T82249.99 series=KXBTC fee_multiplier=1 coeff=0.07
[KXBTC-26APR1217-T82249.99] [book] yes bid/ask 0/0.0100 no bid/ask 0.9900/1 spreads yes=0.0100 no=0.0100 pos=0
[edge] fair_yes=0.1619336837389405 EV/contract yes=0.1458 no=-0.1526 (est fee/ct yes=0.0011 no=0.0007)
[entry] Skip: direction confidence (YES needs fair_yes>=0.64, NO needs fair_yes<=0.36; fair_yes=0.1619336837389405)
[paper] NAV $49.8245 (cash $48.8255) PnL vs start $-0.1755 (started $50)
[fees] KXBTC15M-26APR121615-15 series=KXBTC15M fee_multiplier=1 coeff=0.07
[KXBTC15M-26APR121615-15] [book] yes bid/ask 0/0.0010 no bid/ask 0.9990/1 spreads yes=0.0010 no=0.0010 pos=-1
[fees] KXBTC-26APR1217-T82249.99 series=KXBTC fee_multiplier=1 coeff=0.07
[KXBTC-26APR1217-T82249.99] [book] yes bid/ask 0/0.0100 no bid/ask 0.9900/1 spreads yes=0.0100 no=0.0100 pos=0
[edge] fair_yes=0.16186650031926728 EV/contract yes=0.1458 no=-0.1526 (est fee/ct yes=0.0011 no=0.0007)
[entry] Skip: direction confidence (YES needs fair_yes>=0.64, NO needs fair_yes<=0.36; fair_yes=0.16186650031926728)
[paper] NAV $49.8245 (cash $48.8255) PnL vs start $-0.1755 (started $50)
[fees] KXBTC15M-26APR121615-15 series=KXBTC15M fee_multiplier=1 coeff=0.07
[KXBTC15M-26APR121615-15] [book] yes bid/ask 0/0.0010 no bid/ask 0.9990/1 spreads yes=0.0010 no=0.0010 pos=-1
[fees] KXBTC-26APR1217-T82249.99 series=KXBTC fee_multiplier=1 coeff=0.07
[KXBTC-26APR1217-T82249.99] [book] yes bid/ask 0/0.0100 no bid/ask 0.9900/1 spreads yes=0.0100 no=0.0100 pos=0
[edge] fair_yes=0.16179552339949893 EV/contract yes=0.1457 no=-0.1525 (est fee/ct yes=0.0011 no=0.0007)
[entry] Skip: direction confidence (YES needs fair_yes>=0.64, NO needs fair_yes<=0.36; fair_yes=0.16179552339949893)
[paper] NAV $49.8245 (cash $48.8255) PnL vs start $-0.1755 (started $50)
[fees] KXBTC15M-26APR121615-15 series=KXBTC15M fee_multiplier=1 coeff=0.07
[KXBTC15M-26APR121615-15] [book] yes bid/ask 0/0.0010 no bid/ask 0.9990/1 spreads yes=0.0010 no=0.0010 pos=-1
[fees] KXBTC-26APR1217-T82249.99 series=KXBTC fee_multiplier=1 coeff=0.07
[KXBTC-26APR1217-T82249.99] [book] yes bid/ask 0/0.0100 no bid/ask 0.9900/1 spreads yes=0.0100 no=0.0100 pos=0
[edge] fair_yes=0.16172489484544153 EV/contract yes=0.1456 no=-0.1524 (est fee/ct yes=0.0011 no=0.0007)
[entry] Skip: direction confidence (YES needs fair_yes>=0.64, NO needs fair_yes<=0.36; fair_yes=0.16172489484544153)
[paper] NAV $49.8245 (cash $48.8255) PnL vs start $-0.1755 (started $50)
[fees] KXBTC15M-26APR121615-15 series=KXBTC15M fee_multiplier=1 coeff=0.07
[KXBTC15M-26APR121615-15] [book] yes bid/ask 0/0.0010 no bid/ask 0.9990/1 spreads yes=0.0010 no=0.0010 pos=-1
[fees] KXBTC-26APR1217-T82249.99 series=KXBTC fee_multiplier=1 coeff=0.07
[KXBTC-26APR1217-T82249.99] [book] yes bid/ask 0/0.0100 no bid/ask 0.9900/1 spreads yes=0.0100 no=0.0100 pos=0
[edge] fair_yes=0.16164557797830503 EV/contract yes=0.1455 no=-0.1523 (est fee/ct yes=0.0011 no=0.0007)
[entry] Skip: direction confidence (YES needs fair_yes>=0.64, NO needs fair_yes<=0.36; fair_yes=0.16164557797830503)
[paper] NAV $49.8245 (cash $48.8255) PnL vs start $-0.1755 (started $50)
[fees] KXBTC15M-26APR121615-15 series=KXBTC15M fee_multiplier=1 coeff=0.07
[KXBTC15M-26APR121615-15] [book] yes bid/ask 0/0.0010 no bid/ask 0.9990/1 spreads yes=0.0010 no=0.0010 pos=-1
[fees] KXBTC-26APR1217-T82249.99 series=KXBTC fee_multiplier=1 coeff=0.07
[KXBTC-26APR1217-T82249.99] [book] yes bid/ask 0/0.0100 no bid/ask 0.9900/1 spreads yes=0.0100 no=0.0100 pos=0
[edge] fair_yes=0.16156121635852405 EV/contract yes=0.1455 no=-0.1523 (est fee/ct yes=0.0011 no=0.0007)
[entry] Skip: direction confidence (YES needs fair_yes>=0.64, NO needs fair_yes<=0.36; fair_yes=0.16156121635852405)
[paper] NAV $49.8245 (cash $48.8255) PnL vs start $-0.1755 (started $50)
[fees] KXBTC15M-26APR121615-15 series=KXBTC15M fee_multiplier=1 coeff=0.07
[KXBTC15M-26APR121615-15] [book] yes bid/ask 0/0.0010 no bid/ask 0.9990/1 spreads yes=0.0010 no=0.0010 pos=-1
[fees] KXBTC-26APR1217-T82249.99 series=KXBTC fee_multiplier=1 coeff=0.07
[KXBTC-26APR1217-T82249.99] [book] yes bid/ask 0/0.0100 no bid/ask 0.9900/1 spreads yes=0.0100 no=0.0100 pos=0
[edge] fair_yes=0.1614727747441186 EV/contract yes=0.1454 no=-0.1522 (est fee/ct yes=0.0011 no=0.0007)
[entry] Skip: direction confidence (YES needs fair_yes>=0.64, NO needs fair_yes<=0.36; fair_yes=0.1614727747441186)
[paper] NAV $49.8245 (cash $48.8255) PnL vs start $-0.1755 (started $50)
[fees] KXBTC15M-26APR121615-15 series=KXBTC15M fee_multiplier=1 coeff=0.07
[KXBTC15M-26APR121615-15] [book] yes bid/ask 0/0.0010 no bid/ask 0.9990/1 spreads yes=0.0010 no=0.0010 pos=-1
[fees] KXBTC-26APR1217-T82249.99 series=KXBTC fee_multiplier=1 coeff=0.07
[KXBTC-26APR1217-T82249.99] [book] yes bid/ask 0/0.0100 no bid/ask 0.9900/1 spreads yes=0.0100 no=0.0100 pos=0
[edge] fair_yes=0.16139175302904069 EV/contract yes=0.1453 no=-0.1521 (est fee/ct yes=0.0011 no=0.0007)
[entry] Skip: direction confidence (YES needs fair_yes>=0.64, NO needs fair_yes<=0.36; fair_yes=0.16139175302904069)
[paper] NAV $49.8245 (cash $48.8255) PnL vs start $-0.1755 (started $50)
[fees] KXBTC15M-26APR121615-15 series=KXBTC15M fee_multiplier=1 coeff=0.07
[KXBTC15M-26APR121615-15] [book] yes bid/ask 0/0.0010 no bid/ask 0.9990/1 spreads yes=0.0010 no=0.0010 pos=-1
[fees] KXBTC-26APR1217-T82249.99 series=KXBTC fee_multiplier=1 coeff=0.07
[KXBTC-26APR1217-T82249.99] [book] yes bid/ask 0/0.0100 no bid/ask 0.9900/1 spreads yes=0.0100 no=0.0100 pos=0
[edge] fair_yes=0.16131632135173157 EV/contract yes=0.1452 no=-0.1520 (est fee/ct yes=0.0011 no=0.0007)
[entry] Skip: direction confidence (YES needs fair_yes>=0.64, NO needs fair_yes<=0.36; fair_yes=0.16131632135173157)
[paper] NAV $49.8245 (cash $48.8255) PnL vs start $-0.1755 (started $50)
[fees] KXBTC15M-26APR121615-15 series=KXBTC15M fee_multiplier=1 coeff=0.07
[KXBTC15M-26APR121615-15] [book] yes bid/ask 0/0.0010 no bid/ask 0.9990/1 spreads yes=0.0010 no=0.0010 pos=-1
[fees] KXBTC-26APR1217-T82249.99 series=KXBTC fee_multiplier=1 coeff=0.07
[KXBTC-26APR1217-T82249.99] [book] yes bid/ask 0/0.0100 no bid/ask 0.9900/1 spreads yes=0.0100 no=0.0100 pos=0
[edge] fair_yes=0.1612426484601851 EV/contract yes=0.1451 no=-0.1519 (est fee/ct yes=0.0011 no=0.0007)
[entry] Skip: direction confidence (YES needs fair_yes>=0.64, NO needs fair_yes<=0.36; fair_yes=0.1612426484601851)
[paper] NAV $48.8255 (cash $48.8255) PnL vs start $-1.1745 (started $50)
[fees] KXBTC15M-26APR121615-15 series=KXBTC15M fee_multiplier=1 coeff=0.07
[KXBTC15M-26APR121615-15] [book] yes bid/ask 0/1 no bid/ask 0/1 spreads yes=1 no=1 pos=-1
[stop] NO drawdown 100.00% >= 20.00% (entry_ask 0.5650 vs bid 0)
[fees] KXBTC-26APR1217-T82249.99 series=KXBTC fee_multiplier=1 coeff=0.07
[KXBTC-26APR1217-T82249.99] [book] yes bid/ask 0/0.0100 no bid/ask 0.9900/1 spreads yes=0.0100 no=0.0100 pos=0
[edge] fair_yes=0.1611685209227968 EV/contract yes=0.1451 no=-0.1519 (est fee/ct yes=0.0011 no=0.0007)
[entry] Skip: direction confidence (YES needs fair_yes>=0.64, NO needs fair_yes<=0.36; fair_yes=0.1611685209227968)
[paper] NAV $48.8255 (cash $48.8255) PnL vs start $-1.1745 (started $50)
[fees] KXBTC15M-26APR121615-15 series=KXBTC15M fee_multiplier=1 coeff=0.07
[KXBTC15M-26APR121615-15] [book] yes bid/ask 0/1 no bid/ask 0/1 spreads yes=1 no=1 pos=0
[KXBTC15M-26APR121615-15] [entry] Skip: 0.0s to close < min_seconds_before_close=90s (model/spread unreliable near expiry)
[fees] KXBTC-26APR1217-T82249.99 series=KXBTC fee_multiplier=1 coeff=0.07
[KXBTC-26APR1217-T82249.99] [book] yes bid/ask 0/0.0100 no bid/ask 0.9900/1 spreads yes=0.0100 no=0.0100 pos=0
[edge] fair_yes=0.16109679485698225 EV/contract yes=0.1450 no=-0.1518 (est fee/ct yes=0.0011 no=0.0007)
[entry] Skip: direction confidence (YES needs fair_yes>=0.64, NO needs fair_yes<=0.36; fair_yes=0.16109679485698225)
[paper] NAV $48.8255 (cash $48.8255) PnL vs start $-1.1745 (started $50)
[fees] KXBTC15M-26APR121615-15 series=KXBTC15M fee_multiplier=1 coeff=0.07
[KXBTC15M-26APR121615-15] [book] yes bid/ask 0/1 no bid/ask 0/1 spreads yes=1 no=1 pos=0
[KXBTC15M-26APR121615-15] [entry] Skip: 0.0s to close < min_seconds_before_close=90s (model/spread unreliable near expiry)
[fees] KXBTC-26APR1217-T82249.99 series=KXBTC fee_multiplier=1 coeff=0.07
[KXBTC-26APR1217-T82249.99] [book] yes bid/ask 0/0.0100 no bid/ask 0.9900/1 spreads yes=0.0100 no=0.0100 pos=0
[edge] fair_yes=0.1610306047469796 EV/contract yes=0.1449 no=-0.1517 (est fee/ct yes=0.0011 no=0.0007)
[entry] Skip: direction confidence (YES needs fair_yes>=0.64, NO needs fair_yes<=0.36; fair_yes=0.1610306047469796)
[paper] NAV $48.8255 (cash $48.8255) PnL vs start $-1.1745 (started $50)
[markets] Active Kalshi BTC tickers: ['KXBTC15M-26APR121630-30', 'KXBTC-26APR1217-T82249.99']
[fees] KXBTC15M-26APR121630-30 series=KXBTC15M fee_multiplier=1 coeff=0.07
[KXBTC15M-26APR121630-30] [book] yes bid/ask 0.3000/0.3100 no bid/ask 0.6900/0.7000 spreads yes=0.0100 no=0.0100 pos=0
[edge] fair_yes=0.263742426922773 EV/contract yes=-0.0665 no=0.0167 (est fee/ct yes=0.0152 no=0.0146)
[entry] No side meets spread-adjusted edge (thr_yes=0.0240 thr_no=0.0240 ev_yes=-0.0665 ev_no=0.0167).
[fees] KXBTC-26APR1217-T82249.99 series=KXBTC fee_multiplier=1 coeff=0.07
[KXBTC-26APR1217-T82249.99] [book] yes bid/ask 0/0.0100 no bid/ask 0.9900/1 spreads yes=0.0100 no=0.0100 pos=0
[edge] fair_yes=0.16095503495172744 EV/contract yes=0.1449 no=-0.1517 (est fee/ct yes=0.0011 no=0.0007)
[entry] Skip: direction confidence (YES needs fair_yes>=0.64, NO needs fair_yes<=0.36; fair_yes=0.16095503495172744)
[paper] NAV $48.8255 (cash $48.8255) PnL vs start $-1.1745 (started $50)
[fees] KXBTC15M-26APR121630-30 series=KXBTC15M fee_multiplier=1 coeff=0.07
[KXBTC15M-26APR121630-30] [book] yes bid/ask 0.2900/0.3000 no bid/ask 0.7000/0.7100 spreads yes=0.0100 no=0.0100 pos=0
[edge] fair_yes=0.25820329008786846 EV/contract yes=-0.0617 no=0.0125 (est fee/ct yes=0.0149 no=0.0143)
[entry] No side meets spread-adjusted edge (thr_yes=0.0240 thr_no=0.0240 ev_yes=-0.0617 ev_no=0.0125).
[fees] KXBTC-26APR1217-T82249.99 series=KXBTC fee_multiplier=1 coeff=0.07
[KXBTC-26APR1217-T82249.99] [book] yes bid/ask 0/0.0100 no bid/ask 0.9900/1 spreads yes=0.0100 no=0.0100 pos=0
[edge] fair_yes=0.16088535342958624 EV/contract yes=0.1448 no=-0.1516 (est fee/ct yes=0.0011 no=0.0007)
[entry] Skip: direction confidence (YES needs fair_yes>=0.64, NO needs fair_yes<=0.36; fair_yes=0.16088535342958624)
[paper] NAV $48.8255 (cash $48.8255) PnL vs start $-1.1745 (started $50)
[fees] KXBTC15M-26APR121630-30 series=KXBTC15M fee_multiplier=1 coeff=0.07
[KXBTC15M-26APR121630-30] [book] yes bid/ask 0.2800/0.2900 no bid/ask 0.7100/0.7200 spreads yes=0.0100 no=0.0100 pos=0
[edge] fair_yes=0.2527371217494533 EV/contract yes=-0.0569 no=0.0083 (est fee/ct yes=0.0146 no=0.0140)
[entry] No side meets spread-adjusted edge (thr_yes=0.0240 thr_no=0.0240 ev_yes=-0.0569 ev_no=0.0083).
[fees] KXBTC-26APR1217-T82249.99 series=KXBTC fee_multiplier=1 coeff=0.07
[KXBTC-26APR1217-T82249.99] [book] yes bid/ask 0/0.0100 no bid/ask 0.9900/1 spreads yes=0.0100 no=0.0100 pos=0
[edge] fair_yes=0.16080919456548273 EV/contract yes=0.1447 no=-0.1515 (est fee/ct yes=0.0011 no=0.0007)
[entry] Skip: direction confidence (YES needs fair_yes>=0.64, NO needs fair_yes<=0.36; fair_yes=0.16080919456548273)
[paper] NAV $48.8255 (cash $48.8255) PnL vs start $-1.1745 (started $50)
[fees] KXBTC15M-26APR121630-30 series=KXBTC15M fee_multiplier=1 coeff=0.07
[KXBTC15M-26APR121630-30] [book] yes bid/ask 0.2900/0.3000 no bid/ask 0.7000/0.7100 spreads yes=0.0100 no=0.0100 pos=0
[edge] fair_yes=0.2575423316662817 EV/contract yes=-0.0624 no=0.0132 (est fee/ct yes=0.0149 no=0.0143)
[entry] No side meets spread-adjusted edge (thr_yes=0.0240 thr_no=0.0240 ev_yes=-0.0624 ev_no=0.0132).
[fees] KXBTC-26APR1217-T82249.99 series=KXBTC fee_multiplier=1 coeff=0.07
[KXBTC-26APR1217-T82249.99] [book] yes bid/ask 0/0.0100 no bid/ask 0.9900/1 spreads yes=0.0100 no=0.0100 pos=0
[edge] fair_yes=0.1607337678838375 EV/contract yes=0.1446 no=-0.1514 (est fee/ct yes=0.0011 no=0.0007)
[entry] Skip: direction confidence (YES needs fair_yes>=0.64, NO needs fair_yes<=0.36; fair_yes=0.1607337678838375)
[paper] NAV $48.8255 (cash $48.8255) PnL vs start $-1.1745 (started $50)
[fees] KXBTC15M-26APR121630-30 series=KXBTC15M fee_multiplier=1 coeff=0.07
[KXBTC15M-26APR121630-30] [book] yes bid/ask 0.2200/0.2400 no bid/ask 0.7600/0.7800 spreads yes=0.0200 no=0.0200 pos=0
[edge] fair_yes=0.22740896064235158 EV/contract yes=-0.0306 no=-0.0243 (est fee/ct yes=0.0130 no=0.0119)
[entry] No side meets spread-adjusted edge (thr_yes=0.0280 thr_no=0.0280 ev_yes=-0.0306 ev_no=-0.0243).
[fees] KXBTC-26APR1217-T82249.99 series=KXBTC fee_multiplier=1 coeff=0.07
[KXBTC-26APR1217-T82249.99] [book] yes bid/ask 0/0.0100 no bid/ask 0.9900/1 spreads yes=0.0100 no=0.0100 pos=0
[edge] fair_yes=0.16066372094735742 EV/contract yes=0.1446 no=-0.1514 (est fee/ct yes=0.0011 no=0.0007)
[entry] Skip: direction confidence (YES needs fair_yes>=0.64, NO needs fair_yes<=0.36; fair_yes=0.16066372094735742)
[paper] NAV $48.8255 (cash $48.8255) PnL vs start $-1.1745 (started $50)
[fees] KXBTC15M-26APR121630-30 series=KXBTC15M fee_multiplier=1 coeff=0.07
[KXBTC15M-26APR121630-30] [book] yes bid/ask 0.2100/0.2300 no bid/ask 0.7700/0.7900 spreads yes=0.0200 no=0.0200 pos=0
[edge] fair_yes=0.2224008390951334 EV/contract yes=-0.0252 no=-0.0289 (est fee/ct yes=0.0126 no=0.0115)
[entry] No side meets spread-adjusted edge (thr_yes=0.0280 thr_no=0.0280 ev_yes=-0.0252 ev_no=-0.0289).
[fees] KXBTC-26APR1217-T82249.99 series=KXBTC fee_multiplier=1 coeff=0.07
[KXBTC-26APR1217-T82249.99] [book] yes bid/ask 0/0.0100 no bid/ask 0.9900/1 spreads yes=0.0100 no=0.0100 pos=0
[edge] fair_yes=0.16059652922616646 EV/contract yes=0.1445 no=-0.1513 (est fee/ct yes=0.0011 no=0.0007)
[entry] Skip: direction confidence (YES needs fair_yes>=0.64, NO needs fair_yes<=0.36; fair_yes=0.16059652922616646)
[paper] NAV $48.8255 (cash $48.8255) PnL vs start $-1.1745 (started $50)
[fees] KXBTC15M-26APR121630-30 series=KXBTC15M fee_multiplier=1 coeff=0.07
[KXBTC15M-26APR121630-30] [book] yes bid/ask 0.2200/0.2300 no bid/ask 0.7700/0.7800 spreads yes=0.0100 no=0.0100 pos=0
[edge] fair_yes=0.22211498670296317 EV/contract yes=-0.0255 no=-0.0190 (est fee/ct yes=0.0126 no=0.0119)
[entry] No side meets spread-adjusted edge (thr_yes=0.0240 thr_no=0.0240 ev_yes=-0.0255 ev_no=-0.0190).
[fees] KXBTC-26APR1217-T82249.99 series=KXBTC fee_multiplier=1 coeff=0.07
[KXBTC-26APR1217-T82249.99] [book] yes bid/ask 0/0.0100 no bid/ask 0.9900/1 spreads yes=0.0100 no=0.0100 pos=0
[edge] fair_yes=0.16052688531165074 EV/contract yes=0.1444 no=-0.1512 (est fee/ct yes=0.0011 no=0.0007)
[entry] Skip: direction confidence (YES needs fair_yes>=0.64, NO needs fair_yes<=0.36; fair_yes=0.16052688531165074)
[paper] NAV $48.8255 (cash $48.8255) PnL vs start $-1.1745 (started $50)
[fees] KXBTC15M-26APR121630-30 series=KXBTC15M fee_multiplier=1 coeff=0.07
[KXBTC15M-26APR121630-30] [book] yes bid/ask 0.2100/0.2300 no bid/ask 0.7700/0.7900 spreads yes=0.0200 no=0.0200 pos=0
[edge] fair_yes=0.22181325111107997 EV/contract yes=-0.0258 no=-0.0283 (est fee/ct yes=0.0126 no=0.0115)
[entry] No side meets spread-adjusted edge (thr_yes=0.0280 thr_no=0.0280 ev_yes=-0.0258 ev_no=-0.0283).
[fees] KXBTC-26APR1217-T82249.99 series=KXBTC fee_multiplier=1 coeff=0.07
[KXBTC-26APR1217-T82249.99] [book] yes bid/ask 0/0.0100 no bid/ask 0.9900/1 spreads yes=0.0100 no=0.0100 pos=0
[edge] fair_yes=0.16045415879022026 EV/contract yes=0.1444 no=-0.1512 (est fee/ct yes=0.0011 no=0.0007)
[entry] Skip: direction confidence (YES needs fair_yes>=0.64, NO needs fair_yes<=0.36; fair_yes=0.16045415879022026)
[paper] NAV $48.8255 (cash $48.8255) PnL vs start $-1.1745 (started $50)
[fees] KXBTC15M-26APR121630-30 series=KXBTC15M fee_multiplier=1 coeff=0.07
[KXBTC15M-26APR121630-30] [book] yes bid/ask 0.2300/0.2400 no bid/ask 0.7600/0.7700 spreads yes=0.0100 no=0.0100 pos=0
[edge] fair_yes=0.22622917518963565 EV/contract yes=-0.0318 no=-0.0135 (est fee/ct yes=0.0130 no=0.0123)
[entry] No side meets spread-adjusted edge (thr_yes=0.0240 thr_no=0.0240 ev_yes=-0.0318 ev_no=-0.0135).
[fees] KXBTC-26APR1217-T82249.99 series=KXBTC fee_multiplier=1 coeff=0.07
[KXBTC-26APR1217-T82249.99] [book] yes bid/ask 0/0.0100 no bid/ask 0.9900/1 spreads yes=0.0100 no=0.0100 pos=0
[edge] fair_yes=0.16038172021794078 EV/contract yes=0.1443 no=-0.1511 (est fee/ct yes=0.0011 no=0.0007)
[entry] Skip: direction confidence (YES needs fair_yes>=0.64, NO needs fair_yes<=0.36; fair_yes=0.16038172021794078)
[paper] NAV $48.8255 (cash $48.8255) PnL vs start $-1.1745 (started $50)
[fees] KXBTC15M-26APR121630-30 series=KXBTC15M fee_multiplier=1 coeff=0.07
[KXBTC15M-26APR121630-30] [book] yes bid/ask 0.2300/0.2400 no bid/ask 0.7600/0.7700 spreads yes=0.0100 no=0.0100 pos=0
[edge] fair_yes=0.22591719188723589 EV/contract yes=-0.0321 no=-0.0132 (est fee/ct yes=0.0130 no=0.0123)
[entry] No side meets spread-adjusted edge (thr_yes=0.0240 thr_no=0.0240 ev_yes=-0.0321 ev_no=-0.0132).
[fees] KXBTC-26APR1217-T82249.99 series=KXBTC fee_multiplier=1 coeff=0.07
[KXBTC-26APR1217-T82249.99] [book] yes bid/ask 0/0.0100 no bid/ask 0.9900/1 spreads yes=0.0100 no=0.0100 pos=0
[edge] fair_yes=0.1603080274750921 EV/contract yes=0.1442 no=-0.1510 (est fee/ct yes=0.0011 no=0.0007)
[entry] Skip: direction confidence (YES needs fair_yes>=0.64, NO needs fair_yes<=0.36; fair_yes=0.1603080274750921)
[paper] NAV $48.8255 (cash $48.8255) PnL vs start $-1.1745 (started $50)
[fees] KXBTC15M-26APR121630-30 series=KXBTC15M fee_multiplier=1 coeff=0.07
[KXBTC15M-26APR121630-30] [book] yes bid/ask 0.2300/0.2400 no bid/ask 0.7600/0.7700 spreads yes=0.0100 no=0.0100 pos=0
[edge] fair_yes=0.2256126879190136 EV/contract yes=-0.0324 no=-0.0129 (est fee/ct yes=0.0130 no=0.0123)
[entry] No side meets spread-adjusted edge (thr_yes=0.0240 thr_no=0.0240 ev_yes=-0.0324 ev_no=-0.0129).
[fees] KXBTC-26APR1217-T82249.99 series=KXBTC fee_multiplier=1 coeff=0.07
[KXBTC-26APR1217-T82249.99] [book] yes bid/ask 0/0.0100 no bid/ask 0.9900/1 spreads yes=0.0100 no=0.0100 pos=0
[edge] fair_yes=0.1602377670558902 EV/contract yes=0.1441 no=-0.1509 (est fee/ct yes=0.0011 no=0.0007)
[entry] Skip: direction confidence (YES needs fair_yes>=0.64, NO needs fair_yes<=0.36; fair_yes=0.1602377670558902)
[paper] NAV $48.8255 (cash $48.8255) PnL vs start $-1.1745 (started $50)
[fees] KXBTC15M-26APR121630-30 series=KXBTC15M fee_multiplier=1 coeff=0.07
[KXBTC15M-26APR121630-30] [book] yes bid/ask 0.2400/0.2500 no bid/ask 0.7500/0.7600 spreads yes=0.0100 no=0.0100 pos=0
[edge] fair_yes=0.23007875853285575 EV/contract yes=-0.0382 no=-0.0077 (est fee/ct yes=0.0133 no=0.0126)
[entry] No side meets spread-adjusted edge (thr_yes=0.0240 thr_no=0.0240 ev_yes=-0.0382 ev_no=-0.0077).
[fees] KXBTC-26APR1217-T82249.99 series=KXBTC fee_multiplier=1 coeff=0.07
[KXBTC-26APR1217-T82249.99] [book] yes bid/ask 0/0.0100 no bid/ask 0.9900/1 spreads yes=0.0100 no=0.0100 pos=0
[edge] fair_yes=0.1601697327759091 EV/contract yes=0.1441 no=-0.1509 (est fee/ct yes=0.0011 no=0.0007)
[entry] Skip: direction confidence (YES needs fair_yes>=0.64, NO needs fair_yes<=0.36; fair_yes=0.1601697327759091)
[paper] NAV $48.8255 (cash $48.8255) PnL vs start $-1.1745 (started $50)
[fees] KXBTC15M-26APR121630-30 series=KXBTC15M fee_multiplier=1 coeff=0.07
[KXBTC15M-26APR121630-30] [book] yes bid/ask 0.2500/0.2600 no bid/ask 0.7400/0.7500 spreads yes=0.0100 no=0.0100 pos=0
[edge] fair_yes=0.2345983660013661 EV/contract yes=-0.0441 no=-0.0026 (est fee/ct yes=0.0137 no=0.0130)
[entry] No side meets spread-adjusted edge (thr_yes=0.0240 thr_no=0.0240 ev_yes=-0.0441 ev_no=-0.0026).
[fees] KXBTC-26APR1217-T82249.99 series=KXBTC fee_multiplier=1 coeff=0.07
[KXBTC-26APR1217-T82249.99] [book] yes bid/ask 0/0.0100 no bid/ask 0.9900/1 spreads yes=0.0100 no=0.0100 pos=0
[edge] fair_yes=0.16009944681864385 EV/contract yes=0.1440 no=-0.1508 (est fee/ct yes=0.0011 no=0.0007)
[entry] Skip: direction confidence (YES needs fair_yes>=0.64, NO needs fair_yes<=0.36; fair_yes=0.16009944681864385)
[paper] NAV $48.8255 (cash $48.8255) PnL vs start $-1.1745 (started $50)
[fees] KXBTC15M-26APR121630-30 series=KXBTC15M fee_multiplier=1 coeff=0.07
[KXBTC15M-26APR121630-30] [book] yes bid/ask 0.2400/0.2500 no bid/ask 0.7500/0.7600 spreads yes=0.0100 no=0.0100 pos=0
[edge] fair_yes=0.22943494382127907 EV/contract yes=-0.0389 no=-0.0070 (est fee/ct yes=0.0133 no=0.0126)
[entry] No side meets spread-adjusted edge (thr_yes=0.0240 thr_no=0.0240 ev_yes=-0.0389 ev_no=-0.0070).
[fees] KXBTC-26APR1217-T82249.99 series=KXBTC fee_multiplier=1 coeff=0.07
[KXBTC-26APR1217-T82249.99] [book] yes bid/ask 0/0.0100 no bid/ask 0.9900/1 spreads yes=0.0100 no=0.0100 pos=0
[edge] fair_yes=0.16002449077136957 EV/contract yes=0.1439 no=-0.1507 (est fee/ct yes=0.0011 no=0.0007)
[entry] Skip: direction confidence (YES needs fair_yes>=0.64, NO needs fair_yes<=0.36; fair_yes=0.16002449077136957)
[paper] NAV $48.8255 (cash $48.8255) PnL vs start $-1.1745 (started $50)
[fees] KXBTC15M-26APR121630-30 series=KXBTC15M fee_multiplier=1 coeff=0.07
[KXBTC15M-26APR121630-30] [book] yes bid/ask 0.2300/0.2400 no bid/ask 0.7600/0.7700 spreads yes=0.0100 no=0.0100 pos=0
[edge] fair_yes=0.2243609441626253 EV/contract yes=-0.0336 no=-0.0117 (est fee/ct yes=0.0130 no=0.0123)
[entry] No side meets spread-adjusted edge (thr_yes=0.0240 thr_no=0.0240 ev_yes=-0.0336 ev_no=-0.0117).
[fees] KXBTC-26APR1217-T82249.99 series=KXBTC fee_multiplier=1 coeff=0.07
[KXBTC-26APR1217-T82249.99] [book] yes bid/ask 0/0.0100 no bid/ask 0.9900/1 spreads yes=0.0100 no=0.0100 pos=0
[edge] fair_yes=0.15994951210923244 EV/contract yes=0.1438 no=-0.1506 (est fee/ct yes=0.0011 no=0.0007)
[entry] Skip: direction confidence (YES needs fair_yes>=0.64, NO needs fair_yes<=0.36; fair_yes=0.15994951210923244)
[paper] NAV $48.8255 (cash $48.8255) PnL vs start $-1.1745 (started $50)
[fees] KXBTC15M-26APR121630-30 series=KXBTC15M fee_multiplier=1 coeff=0.07
[KXBTC15M-26APR121630-30] [book] yes bid/ask 0.2200/0.2300 no bid/ask 0.7700/0.7800 spreads yes=0.0100 no=0.0100 pos=0
[edge] fair_yes=0.21930447694571245 EV/contract yes=-0.0283 no=-0.0162 (est fee/ct yes=0.0126 no=0.0119)
[entry] No side meets spread-adjusted edge (thr_yes=0.0240 thr_no=0.0240 ev_yes=-0.0283 ev_no=-0.0162).
[fees] KXBTC-26APR1217-T82249.99 series=KXBTC fee_multiplier=1 coeff=0.07
[KXBTC-26APR1217-T82249.99] [book] yes bid/ask 0/0.0100 no bid/ask 0.9900/1 spreads yes=0.0100 no=0.0100 pos=0
[edge] fair_yes=0.15986340575929164 EV/contract yes=0.1438 no=-0.1506 (est fee/ct yes=0.0011 no=0.0007)
[entry] Skip: direction confidence (YES needs fair_yes>=0.64, NO needs fair_yes<=0.36; fair_yes=0.15986340575929164)
[paper] NAV $48.8255 (cash $48.8255) PnL vs start $-1.1745 (started $50)
[fees] KXBTC15M-26APR121630-30 series=KXBTC15M fee_multiplier=1 coeff=0.07
[KXBTC15M-26APR121630-30] [book] yes bid/ask 0.2200/0.2300 no bid/ask 0.7700/0.7800 spreads yes=0.0100 no=0.0100 pos=0
[edge] fair_yes=0.21894215091743885 EV/contract yes=-0.0287 no=-0.0158 (est fee/ct yes=0.0126 no=0.0119)
[entry] No side meets spread-adjusted edge (thr_yes=0.0240 thr_no=0.0240 ev_yes=-0.0287 ev_no=-0.0158).
[fees] KXBTC-26APR1217-T82249.99 series=KXBTC fee_multiplier=1 coeff=0.07
[KXBTC-26APR1217-T82249.99] [book] yes bid/ask 0/0.0100 no bid/ask 0.9900/1 spreads yes=0.0100 no=0.0100 pos=0
[edge] fair_yes=0.1597809896425751 EV/contract yes=0.1437 no=-0.1505 (est fee/ct yes=0.0011 no=0.0007)
[entry] Skip: direction confidence (YES needs fair_yes>=0.64, NO needs fair_yes<=0.36; fair_yes=0.1597809896425751)
[paper] NAV $48.8255 (cash $48.8255) PnL vs start $-1.1745 (started $50)
[fees] KXBTC15M-26APR121630-30 series=KXBTC15M fee_multiplier=1 coeff=0.07
[KXBTC15M-26APR121630-30] [book] yes bid/ask 0.2300/0.2400 no bid/ask 0.7600/0.7700 spreads yes=0.0100 no=0.0100 pos=0
[edge] fair_yes=0.2232535376354848 EV/contract yes=-0.0347 no=-0.0106 (est fee/ct yes=0.0130 no=0.0123)
[entry] No side meets spread-adjusted edge (thr_yes=0.0240 thr_no=0.0240 ev_yes=-0.0347 ev_no=-0.0106).
[fees] KXBTC-26APR1217-T82249.99 series=KXBTC fee_multiplier=1 coeff=0.07
[KXBTC-26APR1217-T82249.99] [book] yes bid/ask 0/0.0100 no bid/ask 0.9900/1 spreads yes=0.0100 no=0.0100 pos=0
[edge] fair_yes=0.15970241102279806 EV/contract yes=0.1436 no=-0.1504 (est fee/ct yes=0.0011 no=0.0007)
[entry] Skip: direction confidence (YES needs fair_yes>=0.64, NO needs fair_yes<=0.36; fair_yes=0.15970241102279806)
[paper] NAV $48.8255 (cash $48.8255) PnL vs start $-1.1745 (started $50)
[fees] KXBTC15M-26APR121630-30 series=KXBTC15M fee_multiplier=1 coeff=0.07
[KXBTC15M-26APR121630-30] [book] yes bid/ask 0.1900/0.2200 no bid/ask 0.7800/0.8100 spreads yes=0.0300 no=0.0300 pos=0
[edge] fair_yes=0.21367727543037507 EV/contract yes=-0.0236 no=-0.0393 (est fee/ct yes=0.0123 no=0.0106)
[entry] No side meets spread-adjusted edge (thr_yes=0.0320 thr_no=0.0320 ev_yes=-0.0236 ev_no=-0.0393).
[fees] KXBTC-26APR1217-T82249.99 series=KXBTC fee_multiplier=1 coeff=0.07
[KXBTC-26APR1217-T82249.99] [book] yes bid/ask 0/0.0100 no bid/ask 0.9900/1 spreads yes=0.0100 no=0.0100 pos=0
[edge] fair_yes=0.159631135549146 EV/contract yes=0.1435 no=-0.1503 (est fee/ct yes=0.0011 no=0.0007)
[entry] Skip: direction confidence (YES needs fair_yes>=0.64, NO needs fair_yes<=0.36; fair_yes=0.159631135549146)
[paper] NAV $48.8255 (cash $48.8255) PnL vs start $-1.1745 (started $50)
[fees] KXBTC15M-26APR121630-30 series=KXBTC15M fee_multiplier=1 coeff=0.07
[KXBTC15M-26APR121630-30] [book] yes bid/ask 0.1600/0.1700 no bid/ask 0.8300/0.8400 spreads yes=0.0100 no=0.0100 pos=0
[edge] fair_yes=0.1914938618360595 EV/contract yes=0.0063 no=-0.0457 (est fee/ct yes=0.0102 no=0.0092)
[entry] No side meets spread-adjusted edge (thr_yes=0.0240 thr_no=0.0240 ev_yes=0.0063 ev_no=-0.0457).
[fees] KXBTC-26APR1217-T82249.99 series=KXBTC fee_multiplier=1 coeff=0.07
[KXBTC-26APR1217-T82249.99] [book] yes bid/ask 0/0.0100 no bid/ask 0.9900/1 spreads yes=0.0100 no=0.0100 pos=0
[edge] fair_yes=0.15955694485678265 EV/contract yes=0.1435 no=-0.1503 (est fee/ct yes=0.0011 no=0.0007)
[entry] Skip: direction confidence (YES needs fair_yes>=0.64, NO needs fair_yes<=0.36; fair_yes=0.15955694485678265)
[paper] NAV $48.8255 (cash $48.8255) PnL vs start $-1.1745 (started $50)
[fees] KXBTC15M-26APR121630-30 series=KXBTC15M fee_multiplier=1 coeff=0.07
[KXBTC15M-26APR121630-30] [book] yes bid/ask 0.1500/0.1600 no bid/ask 0.8400/0.8500 spreads yes=0.0100 no=0.0100 pos=0
[edge] fair_yes=0.18703805696809464 EV/contract yes=0.0123 no=-0.0507 (est fee/ct yes=0.0097 no=0.0087)
[entry] No side meets spread-adjusted edge (thr_yes=0.0240 thr_no=0.0240 ev_yes=0.0123 ev_no=-0.0507).
[fees] KXBTC-26APR1217-T82249.99 series=KXBTC fee_multiplier=1 coeff=0.07
[KXBTC-26APR1217-T82249.99] [book] yes bid/ask 0/0.0100 no bid/ask 0.9900/1 spreads yes=0.0100 no=0.0100 pos=0
[edge] fair_yes=0.15948152273582206 EV/contract yes=0.1434 no=-0.1502 (est fee/ct yes=0.0011 no=0.0007)
[entry] Skip: direction confidence (YES needs fair_yes>=0.64, NO needs fair_yes<=0.36; fair_yes=0.15948152273582206)
[paper] NAV $48.8255 (cash $48.8255) PnL vs start $-1.1745 (started $50)
[fees] KXBTC15M-26APR121630-30 series=KXBTC15M fee_multiplier=1 coeff=0.07
[KXBTC15M-26APR121630-30] [book] yes bid/ask 0.1600/0.1700 no bid/ask 0.8300/0.8400 spreads yes=0.0100 no=0.0100 pos=0
[edge] fair_yes=0.19087046748624728 EV/contract yes=0.0057 no=-0.0451 (est fee/ct yes=0.0102 no=0.0092)
[entry] No side meets spread-adjusted edge (thr_yes=0.0240 thr_no=0.0240 ev_yes=0.0057 ev_no=-0.0451).
[fees] KXBTC-26APR1217-T82249.99 series=KXBTC fee_multiplier=1 coeff=0.07
[KXBTC-26APR1217-T82249.99] [book] yes bid/ask 0/0.0100 no bid/ask 0.9900/1 spreads yes=0.0100 no=0.0100 pos=0
[edge] fair_yes=0.1594005246496863 EV/contract yes=0.1433 no=-0.1501 (est fee/ct yes=0.0011 no=0.0007)
[entry] Skip: direction confidence (YES needs fair_yes>=0.64, NO needs fair_yes<=0.36; fair_yes=0.1594005246496863)
[paper] NAV $48.8255 (cash $48.8255) PnL vs start $-1.1745 (started $50)
[fees] KXBTC15M-26APR121630-30 series=KXBTC15M fee_multiplier=1 coeff=0.07
[KXBTC15M-26APR121630-30] [book] yes bid/ask 0.1600/0.1700 no bid/ask 0.8300/0.8400 spreads yes=0.0100 no=0.0100 pos=0
[edge] fair_yes=0.19037651325879026 EV/contract yes=0.0052 no=-0.0446 (est fee/ct yes=0.0102 no=0.0092)
[entry] No side meets spread-adjusted edge (thr_yes=0.0240 thr_no=0.0240 ev_yes=0.0052 ev_no=-0.0446).
[fees] KXBTC-26APR1217-T82249.99 series=KXBTC fee_multiplier=1 coeff=0.07
[KXBTC-26APR1217-T82249.99] [book] yes bid/ask 0/0.0100 no bid/ask 0.9900/1 spreads yes=0.0100 no=0.0100 pos=0
[edge] fair_yes=0.1592859058236824 EV/contract yes=0.1432 no=-0.1500 (est fee/ct yes=0.0011 no=0.0007)
[entry] Skip: direction confidence (YES needs fair_yes>=0.64, NO needs fair_yes<=0.36; fair_yes=0.1592859058236824)
[paper] NAV $48.8255 (cash $48.8255) PnL vs start $-1.1745 (started $50)
[fees] KXBTC15M-26APR121630-30 series=KXBTC15M fee_multiplier=1 coeff=0.07
[KXBTC15M-26APR121630-30] [book] yes bid/ask 0.1500/0.1600 no bid/ask 0.8400/0.8500 spreads yes=0.0100 no=0.0100 pos=0
[edge] fair_yes=0.18592564699578626 EV/contract yes=0.0112 no=-0.0496 (est fee/ct yes=0.0097 no=0.0087)
[entry] No side meets spread-adjusted edge (thr_yes=0.0240 thr_no=0.0240 ev_yes=0.0112 ev_no=-0.0496).
[fees] KXBTC-26APR1217-T82249.99 series=KXBTC fee_multiplier=1 coeff=0.07
[KXBTC-26APR1217-T82249.99] [book] yes bid/ask 0/0.0100 no bid/ask 0.9900/1 spreads yes=0.0100 no=0.0100 pos=0
[edge] fair_yes=0.15921530209866194 EV/contract yes=0.1431 no=-0.1499 (est fee/ct yes=0.0011 no=0.0007)
[entry] Skip: direction confidence (YES needs fair_yes>=0.64, NO needs fair_yes<=0.36; fair_yes=0.15921530209866194)
[paper] NAV $48.8255 (cash $48.8255) PnL vs start $-1.1745 (started $50)
[fees] KXBTC15M-26APR121630-30 series=KXBTC15M fee_multiplier=1 coeff=0.07
[KXBTC15M-26APR121630-30] [book] yes bid/ask 0.1800/0.1900 no bid/ask 0.8100/0.8200 spreads yes=0.0100 no=0.0100 pos=0
[edge] fair_yes=0.1982002913320702 EV/contract yes=-0.0078 no=-0.0334 (est fee/ct yes=0.0110 no=0.0102)
[entry] No side meets spread-adjusted edge (thr_yes=0.0240 thr_no=0.0240 ev_yes=-0.0078 ev_no=-0.0334).
[fees] KXBTC-26APR1217-T82249.99 series=KXBTC fee_multiplier=1 coeff=0.07
[KXBTC-26APR1217-T82249.99] [book] yes bid/ask 0/0.0100 no bid/ask 0.9900/1 spreads yes=0.0100 no=0.0100 pos=0
[edge] fair_yes=0.15913736688866006 EV/contract yes=0.1430 no=-0.1498 (est fee/ct yes=0.0011 no=0.0007)
[entry] Skip: direction confidence (YES needs fair_yes>=0.64, NO needs fair_yes<=0.36; fair_yes=0.15913736688866006)
[paper] NAV $48.8255 (cash $48.8255) PnL vs start $-1.1745 (started $50)
[fees] KXBTC15M-26APR121630-30 series=KXBTC15M fee_multiplier=1 coeff=0.07
[KXBTC15M-26APR121630-30] [book] yes bid/ask 0.2300/0.2400 no bid/ask 0.7600/0.7700 spreads yes=0.0100 no=0.0100 pos=0
[edge] fair_yes=0.2202534640564793 EV/contract yes=-0.0377 no=-0.0076 (est fee/ct yes=0.0130 no=0.0123)
[entry] No side meets spread-adjusted edge (thr_yes=0.0240 thr_no=0.0240 ev_yes=-0.0377 ev_no=-0.0076).
[fees] KXBTC-26APR1217-T82249.99 series=KXBTC fee_multiplier=1 coeff=0.07
[KXBTC-26APR1217-T82249.99] [book] yes bid/ask 0/0.0100 no bid/ask 0.9900/1 spreads yes=0.0100 no=0.0100 pos=0
[edge] fair_yes=0.15906303792962506 EV/contract yes=0.1430 no=-0.1498 (est fee/ct yes=0.0011 no=0.0007)
[entry] Skip: direction confidence (YES needs fair_yes>=0.64, NO needs fair_yes<=0.36; fair_yes=0.15906303792962506)
[paper] NAV $48.8255 (cash $48.8255) PnL vs start $-1.1745 (started $50)
[fees] KXBTC15M-26APR121630-30 series=KXBTC15M fee_multiplier=1 coeff=0.07
[KXBTC15M-26APR121630-30] [book] yes bid/ask 0.2200/0.2300 no bid/ask 0.7700/0.7800 spreads yes=0.0100 no=0.0100 pos=0
[edge] fair_yes=0.21527807550054728 EV/contract yes=-0.0323 no=-0.0122 (est fee/ct yes=0.0126 no=0.0119)
[entry] No side meets spread-adjusted edge (thr_yes=0.0240 thr_no=0.0240 ev_yes=-0.0323 ev_no=-0.0122).
[fees] KXBTC-26APR1217-T82249.99 series=KXBTC fee_multiplier=1 coeff=0.07
[KXBTC-26APR1217-T82249.99] [book] yes bid/ask 0/0.0100 no bid/ask 0.9900/1 spreads yes=0.0100 no=0.0100 pos=0
[edge] fair_yes=0.15898600439124855 EV/contract yes=0.1429 no=-0.1497 (est fee/ct yes=0.0011 no=0.0007)
[entry] Skip: direction confidence (YES needs fair_yes>=0.64, NO needs fair_yes<=0.36; fair_yes=0.15898600439124855)
[paper] NAV $48.8255 (cash $48.8255) PnL vs start $-1.1745 (started $50)
[fees] KXBTC15M-26APR121630-30 series=KXBTC15M fee_multiplier=1 coeff=0.07
[KXBTC15M-26APR121630-30] [book] yes bid/ask 0.2300/0.2400 no bid/ask 0.7600/0.7700 spreads yes=0.0100 no=0.0100 pos=0
[edge] fair_yes=0.21949922185473336 EV/contract yes=-0.0385 no=-0.0068 (est fee/ct yes=0.0130 no=0.0123)
[entry] No side meets spread-adjusted edge (thr_yes=0.0240 thr_no=0.0240 ev_yes=-0.0385 ev_no=-0.0068).
[fees] KXBTC-26APR1217-T82249.99 series=KXBTC fee_multiplier=1 coeff=0.07
[KXBTC-26APR1217-T82249.99] [book] yes bid/ask 0/0.0100 no bid/ask 0.9900/1 spreads yes=0.0100 no=0.0100 pos=0
[edge] fair_yes=0.15890646730062305 EV/contract yes=0.1428 no=-0.1496 (est fee/ct yes=0.0011 no=0.0007)
[entry] Skip: direction confidence (YES needs fair_yes>=0.64, NO needs fair_yes<=0.36; fair_yes=0.15890646730062305)
[paper] NAV $48.8255 (cash $48.8255) PnL vs start $-1.1745 (started $50)
[fees] KXBTC15M-26APR121630-30 series=KXBTC15M fee_multiplier=1 coeff=0.07
[KXBTC15M-26APR121630-30] [book] yes bid/ask 0.2600/0.2700 no bid/ask 0.7300/0.7400 spreads yes=0.0100 no=0.0100 pos=0
[edge] fair_yes=0.2333523921991082 EV/contract yes=-0.0556 no=0.0083 (est fee/ct yes=0.0140 no=0.0133)
[entry] No side meets spread-adjusted edge (thr_yes=0.0240 thr_no=0.0240 ev_yes=-0.0556 ev_no=0.0083).
[fees] KXBTC-26APR1217-T82249.99 series=KXBTC fee_multiplier=1 coeff=0.07
[KXBTC-26APR1217-T82249.99] [book] yes bid/ask 0/0.0100 no bid/ask 0.9900/1 spreads yes=0.0100 no=0.0100 pos=0
[edge] fair_yes=0.15882999630807107 EV/contract yes=0.1427 no=-0.1495 (est fee/ct yes=0.0011 no=0.0007)
[entry] Skip: direction confidence (YES needs fair_yes>=0.64, NO needs fair_yes<=0.36; fair_yes=0.15882999630807107)
[paper] NAV $48.8255 (cash $48.8255) PnL vs start $-1.1745 (started $50)
[fees] KXBTC15M-26APR121630-30 series=KXBTC15M fee_multiplier=1 coeff=0.07
[KXBTC15M-26APR121630-30] [book] yes bid/ask 0.2800/0.2900 no bid/ask 0.7100/0.7200 spreads yes=0.0100 no=0.0100 pos=0
[edge] fair_yes=0.2427776203832443 EV/contract yes=-0.0668 no=0.0182 (est fee/ct yes=0.0146 no=0.0140)
[entry] No side meets spread-adjusted edge (thr_yes=0.0240 thr_no=0.0240 ev_yes=-0.0668 ev_no=0.0182).
[fees] KXBTC-26APR1217-T82249.99 series=KXBTC fee_multiplier=1 coeff=0.07
[KXBTC-26APR1217-T82249.99] [book] yes bid/ask 0/0.0100 no bid/ask 0.9900/1 spreads yes=0.0100 no=0.0100 pos=0
[edge] fair_yes=0.1587581934249083 EV/contract yes=0.1427 no=-0.1495 (est fee/ct yes=0.0011 no=0.0007)
[entry] Skip: direction confidence (YES needs fair_yes>=0.64, NO needs fair_yes<=0.36; fair_yes=0.1587581934249083)
[paper] NAV $48.8255 (cash $48.8255) PnL vs start $-1.1745 (started $50)
[fees] KXBTC15M-26APR121630-30 series=KXBTC15M fee_multiplier=1 coeff=0.07
[KXBTC15M-26APR121630-30] [book] yes bid/ask 0.4500/0.4700 no bid/ask 0.5300/0.5500 spreads yes=0.0200 no=0.0200 pos=0
[edge] fair_yes=0.34252830584245947 EV/contract yes=-0.1500 no=0.0852 (est fee/ct yes=0.0175 no=0.0173)
[entry] IOC buy no count=1 EV~0.0852/contract
[paper] Filled 1; cash balance $48.2532
[fees] KXBTC-26APR1217-T82249.99 series=KXBTC fee_multiplier=1 coeff=0.07
[KXBTC-26APR1217-T82249.99] [book] yes bid/ask 0/0.0100 no bid/ask 0.9900/1 spreads yes=0.0100 no=0.0100 pos=0
[edge] fair_yes=0.158681972010401 EV/contract yes=0.1426 no=-0.1494 (est fee/ct yes=0.0011 no=0.0007)
[entry] Skip: direction confidence (YES needs fair_yes>=0.64, NO needs fair_yes<=0.36; fair_yes=0.158681972010401)
[paper] NAV $48.7832 (cash $48.2532) PnL vs start $-1.2168 (started $50)
[fees] KXBTC15M-26APR121630-30 series=KXBTC15M fee_multiplier=1 coeff=0.07
[KXBTC15M-26APR121630-30] [book] yes bid/ask 0.5500/0.5600 no bid/ask 0.4400/0.4500 spreads yes=0.0100 no=0.0100 pos=-1
[stop] NO drawdown 20.72% >= 20.00% (entry_ask 0.5550 vs bid 0.4400)
[fees] KXBTC-26APR1217-T82249.99 series=KXBTC fee_multiplier=1 coeff=0.07
[KXBTC-26APR1217-T82249.99] [book] yes bid/ask 0/0.0100 no bid/ask 0.9900/1 spreads yes=0.0100 no=0.0100 pos=0
[edge] fair_yes=0.1585979876613706 EV/contract yes=0.1425 no=-0.1493 (est fee/ct yes=0.0011 no=0.0007)
[entry] Skip: direction confidence (YES needs fair_yes>=0.64, NO needs fair_yes<=0.36; fair_yes=0.1585979876613706)
[paper] NAV $48.6759 (cash $48.6759) PnL vs start $-1.3241 (started $50)
[fees] KXBTC15M-26APR121630-30 series=KXBTC15M fee_multiplier=1 coeff=0.07
[KXBTC15M-26APR121630-30] [book] yes bid/ask 0.5900/0.6000 no bid/ask 0.4000/0.4100 spreads yes=0.0100 no=0.0100 pos=0
[edge] fair_yes=0.42440135773345605 EV/contract yes=-0.1974 no=0.1436 (est fee/ct yes=0.0168 no=0.0170)
[entry] Skip: direction confidence (YES needs fair_yes>=0.64, NO needs fair_yes<=0.36; fair_yes=0.42440135773345605)
[fees] KXBTC-26APR1217-T82249.99 series=KXBTC fee_multiplier=1 coeff=0.07
[KXBTC-26APR1217-T82249.99] [book] yes bid/ask 0/0.0100 no bid/ask 0.9900/1 spreads yes=0.0100 no=0.0100 pos=0
[edge] fair_yes=0.15851746372246212 EV/contract yes=0.1424 no=-0.1492 (est fee/ct yes=0.0011 no=0.0007)
[entry] Skip: direction confidence (YES needs fair_yes>=0.64, NO needs fair_yes<=0.36; fair_yes=0.15851746372246212)
[paper] NAV $48.6759 (cash $48.6759) PnL vs start $-1.3241 (started $50)
[fees] KXBTC15M-26APR121630-30 series=KXBTC15M fee_multiplier=1 coeff=0.07
[KXBTC15M-26APR121630-30] [book] yes bid/ask 0.6100/0.6200 no bid/ask 0.3800/0.3900 spreads yes=0.0100 no=0.0100 pos=0
[edge] fair_yes=0.43711419235670873 EV/contract yes=-0.2044 no=0.1511 (est fee/ct yes=0.0165 no=0.0168)
[entry] Skip: direction confidence (YES needs fair_yes>=0.64, NO needs fair_yes<=0.36; fair_yes=0.43711419235670873)
[fees] KXBTC-26APR1217-T82249.99 series=KXBTC fee_multiplier=1 coeff=0.07
[KXBTC-26APR1217-T82249.99] [book] yes bid/ask 0/0.0100 no bid/ask 0.9900/1 spreads yes=0.0100 no=0.0100 pos=0
[edge] fair_yes=0.15843986925183212 EV/contract yes=0.1423 no=-0.1491 (est fee/ct yes=0.0011 no=0.0007)
[entry] Skip: direction confidence (YES needs fair_yes>=0.64, NO needs fair_yes<=0.36; fair_yes=0.15843986925183212)
[paper] NAV $48.6759 (cash $48.6759) PnL vs start $-1.3241 (started $50)
[fees] KXBTC15M-26APR121630-30 series=KXBTC15M fee_multiplier=1 coeff=0.07
[KXBTC15M-26APR121630-30] [book] yes bid/ask 0.5300/0.5400 no bid/ask 0.4600/0.4700 spreads yes=0.0100 no=0.0100 pos=0
[edge] fair_yes=0.38414771970218076 EV/contract yes=-0.1783 no=0.1234 (est fee/ct yes=0.0174 no=0.0175)
[entry] Skip: direction confidence (YES needs fair_yes>=0.64, NO needs fair_yes<=0.36; fair_yes=0.38414771970218076)
[fees] KXBTC-26APR1217-T82249.99 series=KXBTC fee_multiplier=1 coeff=0.07
[KXBTC-26APR1217-T82249.99] [book] yes bid/ask 0/0.0100 no bid/ask 0.9900/1 spreads yes=0.0100 no=0.0100 pos=0
[edge] fair_yes=0.158365361665244 EV/contract yes=0.1423 no=-0.1491 (est fee/ct yes=0.0011 no=0.0007)
[entry] Skip: direction confidence (YES needs fair_yes>=0.64, NO needs fair_yes<=0.36; fair_yes=0.158365361665244)
[paper] NAV $48.6759 (cash $48.6759) PnL vs start $-1.3241 (started $50)
[fees] KXBTC15M-26APR121630-30 series=KXBTC15M fee_multiplier=1 coeff=0.07
[KXBTC15M-26APR121630-30] [book] yes bid/ask 0.4700/0.4900 no bid/ask 0.5100/0.5300 spreads yes=0.0200 no=0.0200 pos=0
[edge] fair_yes=0.3521102761855047 EV/contract yes=-0.1604 no=0.0954 (est fee/ct yes=0.0175 no=0.0175)
[entry] IOC buy no count=1 EV~0.0954/contract
[paper] Filled 1; cash balance $48.1234
[fees] KXBTC-26APR1217-T82249.99 series=KXBTC fee_multiplier=1 coeff=0.07
[KXBTC-26APR1217-T82249.99] [book] yes bid/ask 0/0.0100 no bid/ask 0.9900/1 spreads yes=0.0100 no=0.0100 pos=0
[edge] fair_yes=0.15829134631981098 EV/contract yes=0.1422 no=-0.1490 (est fee/ct yes=0.0011 no=0.0007)
[entry] Skip: direction confidence (YES needs fair_yes>=0.64, NO needs fair_yes<=0.36; fair_yes=0.15829134631981098)
[paper] NAV $48.6434 (cash $48.1234) PnL vs start $-1.3566 (started $50)
[fees] KXBTC15M-26APR121630-30 series=KXBTC15M fee_multiplier=1 coeff=0.07
[KXBTC15M-26APR121630-30] [book] yes bid/ask 0.4500/0.4700 no bid/ask 0.5300/0.5500 spreads yes=0.0200 no=0.0200 pos=-1
[fees] KXBTC-26APR1217-T82249.99 series=KXBTC fee_multiplier=1 coeff=0.07
[KXBTC-26APR1217-T82249.99] [book] yes bid/ask 0/0.0100 no bid/ask 0.9900/1 spreads yes=0.0100 no=0.0100 pos=0
[edge] fair_yes=0.15821172645603238 EV/contract yes=0.1421 no=-0.1489 (est fee/ct yes=0.0011 no=0.0007)
[entry] Skip: direction confidence (YES needs fair_yes>=0.64, NO needs fair_yes<=0.36; fair_yes=0.15821172645603238)
[paper] NAV $48.6534 (cash $48.1234) PnL vs start $-1.3466 (started $50)
[fees] KXBTC15M-26APR121630-30 series=KXBTC15M fee_multiplier=1 coeff=0.07
[KXBTC15M-26APR121630-30] [book] yes bid/ask 0.5000/0.5100 no bid/ask 0.4900/0.5000 spreads yes=0.0100 no=0.0100 pos=-1
[fees] KXBTC-26APR1217-T82249.99 series=KXBTC fee_multiplier=1 coeff=0.07
[KXBTC-26APR1217-T82249.99] [book] yes bid/ask 0/0.0100 no bid/ask 0.9900/1 spreads yes=0.0100 no=0.0100 pos=0
[edge] fair_yes=0.15812588103303543 EV/contract yes=0.1420 no=-0.1488 (est fee/ct yes=0.0011 no=0.0007)
[entry] Skip: direction confidence (YES needs fair_yes>=0.64, NO needs fair_yes<=0.36; fair_yes=0.15812588103303543)
[paper] NAV $48.6234 (cash $48.1234) PnL vs start $-1.3766 (started $50)
[fees] KXBTC15M-26APR121630-30 series=KXBTC15M fee_multiplier=1 coeff=0.07
[KXBTC15M-26APR121630-30] [book] yes bid/ask 0.5100/0.5200 no bid/ask 0.4800/0.4900 spreads yes=0.0100 no=0.0100 pos=-1
[fees] KXBTC-26APR1217-T82249.99 series=KXBTC fee_multiplier=1 coeff=0.07
[KXBTC-26APR1217-T82249.99] [book] yes bid/ask 0/0.0100 no bid/ask 0.9900/1 spreads yes=0.0100 no=0.0100 pos=0
[edge] fair_yes=0.1580419380938079 EV/contract yes=0.1419 no=-0.1487 (est fee/ct yes=0.0011 no=0.0007)
[entry] Skip: direction confidence (YES needs fair_yes>=0.64, NO needs fair_yes<=0.36; fair_yes=0.1580419380938079)
[paper] NAV $48.6034 (cash $48.1234) PnL vs start $-1.3966 (started $50)
[fees] KXBTC15M-26APR121630-30 series=KXBTC15M fee_multiplier=1 coeff=0.07
[KXBTC15M-26APR121630-30] [book] yes bid/ask 0.5000/0.5200 no bid/ask 0.4800/0.5000 spreads yes=0.0200 no=0.0200 pos=-1
[fees] KXBTC-26APR1217-T82249.99 series=KXBTC fee_multiplier=1 coeff=0.07
[KXBTC-26APR1217-T82249.99] [book] yes bid/ask 0/0.0100 no bid/ask 0.9900/1 spreads yes=0.0100 no=0.0100 pos=0
[edge] fair_yes=0.1579537161171946 EV/contract yes=0.1419 no=-0.1487 (est fee/ct yes=0.0011 no=0.0007)
[entry] Skip: direction confidence (YES needs fair_yes>=0.64, NO needs fair_yes<=0.36; fair_yes=0.1579537161171946)
[paper] NAV $48.6234 (cash $48.1234) PnL vs start $-1.3766 (started $50)
[fees] KXBTC15M-26APR121630-30 series=KXBTC15M fee_multiplier=1 coeff=0.07
[KXBTC15M-26APR121630-30] [book] yes bid/ask 0.4900/0.5100 no bid/ask 0.4900/0.5100 spreads yes=0.0200 no=0.0200 pos=-1
[fees] KXBTC-26APR1217-T82249.99 series=KXBTC fee_multiplier=1 coeff=0.07
[KXBTC-26APR1217-T82249.99] [book] yes bid/ask 0/0.0100 no bid/ask 0.9900/1 spreads yes=0.0100 no=0.0100 pos=0
[edge] fair_yes=0.15787189129944235 EV/contract yes=0.1418 no=-0.1486 (est fee/ct yes=0.0011 no=0.0007)
[entry] Skip: direction confidence (YES needs fair_yes>=0.64, NO needs fair_yes<=0.36; fair_yes=0.15787189129944235)
[paper] NAV $48.6234 (cash $48.1234) PnL vs start $-1.3766 (started $50)
[fees] KXBTC15M-26APR121630-30 series=KXBTC15M fee_multiplier=1 coeff=0.07
[KXBTC15M-26APR121630-30] [book] yes bid/ask 0.5000/0.5200 no bid/ask 0.4800/0.5000 spreads yes=0.0200 no=0.0200 pos=-1
[fees] KXBTC-26APR1217-T82249.99 series=KXBTC fee_multiplier=1 coeff=0.07
[KXBTC-26APR1217-T82249.99] [book] yes bid/ask 0/0.0100 no bid/ask 0.9900/1 spreads yes=0.0100 no=0.0100 pos=0
[edge] fair_yes=0.15779209251285317 EV/contract yes=0.1417 no=-0.1485 (est fee/ct yes=0.0011 no=0.0007)
[entry] Skip: direction confidence (YES needs fair_yes>=0.64, NO needs fair_yes<=0.36; fair_yes=0.15779209251285317)
[paper] NAV $48.6134 (cash $48.1234) PnL vs start $-1.3866 (started $50)
[fees] KXBTC15M-26APR121630-30 series=KXBTC15M fee_multiplier=1 coeff=0.07
[KXBTC15M-26APR121630-30] [book] yes bid/ask 0.3600/0.3700 no bid/ask 0.6300/0.6400 spreads yes=0.0100 no=0.0100 pos=-1
[fees] KXBTC-26APR1217-T82249.99 series=KXBTC fee_multiplier=1 coeff=0.07
[KXBTC-26APR1217-T82249.99] [book] yes bid/ask 0/0.0100 no bid/ask 0.9900/1 spreads yes=0.0100 no=0.0100 pos=0
[edge] fair_yes=0.15770910754414166 EV/contract yes=0.1416 no=-0.1484 (est fee/ct yes=0.0011 no=0.0007)
[entry] Skip: direction confidence (YES needs fair_yes>=0.64, NO needs fair_yes<=0.36; fair_yes=0.15770910754414166)
[paper] NAV $48.7734 (cash $48.1234) PnL vs start $-1.2266 (started $50)
[fees] KXBTC15M-26APR121630-30 series=KXBTC15M fee_multiplier=1 coeff=0.07
[KXBTC15M-26APR121630-30] [book] yes bid/ask 0.3200/0.3300 no bid/ask 0.6700/0.6800 spreads yes=0.0100 no=0.0100 pos=-1
[fees] KXBTC-26APR1217-T82249.99 series=KXBTC fee_multiplier=1 coeff=0.07
[KXBTC-26APR1217-T82249.99] [book] yes bid/ask 0/0.0100 no bid/ask 0.9900/1 spreads yes=0.0100 no=0.0100 pos=0
[edge] fair_yes=0.15761676572446795 EV/contract yes=0.1415 no=-0.1483 (est fee/ct yes=0.0011 no=0.0007)
[entry] Skip: direction confidence (YES needs fair_yes>=0.64, NO needs fair_yes<=0.36; fair_yes=0.15761676572446795)
[paper] NAV $48.7934 (cash $48.1234) PnL vs start $-1.2066 (started $50)
[fees] KXBTC15M-26APR121630-30 series=KXBTC15M fee_multiplier=1 coeff=0.07
[KXBTC15M-26APR121630-30] [book] yes bid/ask 0.3300/0.3400 no bid/ask 0.6600/0.6700 spreads yes=0.0100 no=0.0100 pos=-1
[fees] KXBTC-26APR1217-T82249.99 series=KXBTC fee_multiplier=1 coeff=0.07
[KXBTC-26APR1217-T82249.99] [book] yes bid/ask 0/0.0100 no bid/ask 0.9900/1 spreads yes=0.0100 no=0.0100 pos=0
[edge] fair_yes=0.15752967990555783 EV/contract yes=0.1414 no=-0.1482 (est fee/ct yes=0.0011 no=0.0007)
[entry] Skip: direction confidence (YES needs fair_yes>=0.64, NO needs fair_yes<=0.36; fair_yes=0.15752967990555783)
[paper] NAV $48.7634 (cash $48.1234) PnL vs start $-1.2366 (started $50)
[fees] KXBTC15M-26APR121630-30 series=KXBTC15M fee_multiplier=1 coeff=0.07
[KXBTC15M-26APR121630-30] [book] yes bid/ask 0.3700/0.3800 no bid/ask 0.6200/0.6300 spreads yes=0.0100 no=0.0100 pos=-1
[fees] KXBTC-26APR1217-T82249.99 series=KXBTC fee_multiplier=1 coeff=0.07
[KXBTC-26APR1217-T82249.99] [book] yes bid/ask 0/0.0100 no bid/ask 0.9900/1 spreads yes=0.0100 no=0.0100 pos=0
[edge] fair_yes=0.15744126222942403 EV/contract yes=0.1413 no=-0.1481 (est fee/ct yes=0.0011 no=0.0007)
[entry] Skip: direction confidence (YES needs fair_yes>=0.64, NO needs fair_yes<=0.36; fair_yes=0.15744126222942403)
[paper] NAV $48.7434 (cash $48.1234) PnL vs start $-1.2566 (started $50)
[fees] KXBTC15M-26APR121630-30 series=KXBTC15M fee_multiplier=1 coeff=0.07
[KXBTC15M-26APR121630-30] [book] yes bid/ask 0.3600/0.3700 no bid/ask 0.6300/0.6400 spreads yes=0.0100 no=0.0100 pos=-1
[fees] KXBTC-26APR1217-T82249.99 series=KXBTC fee_multiplier=1 coeff=0.07
[KXBTC-26APR1217-T82249.99] [book] yes bid/ask 0/0.0100 no bid/ask 0.9900/1 spreads yes=0.0100 no=0.0100 pos=0
[edge] fair_yes=0.15733266285453018 EV/contract yes=0.1412 no=-0.1480 (est fee/ct yes=0.0011 no=0.0007)
[entry] Skip: direction confidence (YES needs fair_yes>=0.64, NO needs fair_yes<=0.36; fair_yes=0.15733266285453018)
[paper] NAV $48.7534 (cash $48.1234) PnL vs start $-1.2466 (started $50)
[fees] KXBTC15M-26APR121630-30 series=KXBTC15M fee_multiplier=1 coeff=0.07
[KXBTC15M-26APR121630-30] [book] yes bid/ask 0.3500/0.3600 no bid/ask 0.6400/0.6500 spreads yes=0.0100 no=0.0100 pos=-1
[fees] KXBTC-26APR1217-T82249.99 series=KXBTC fee_multiplier=1 coeff=0.07
[KXBTC-26APR1217-T82249.99] [book] yes bid/ask 0/0.0100 no bid/ask 0.9900/1 spreads yes=0.0100 no=0.0100 pos=0
[edge] fair_yes=0.1572457567721448 EV/contract yes=0.1411 no=-0.1479 (est fee/ct yes=0.0011 no=0.0007)
[entry] Skip: direction confidence (YES needs fair_yes>=0.64, NO needs fair_yes<=0.36; fair_yes=0.1572457567721448)
[paper] NAV $48.7534 (cash $48.1234) PnL vs start $-1.2466 (started $50)
[fees] KXBTC15M-26APR121630-30 series=KXBTC15M fee_multiplier=1 coeff=0.07
[KXBTC15M-26APR121630-30] [book] yes bid/ask 0.4000/0.4600 no bid/ask 0.5400/0.6000 spreads yes=0.0600 no=0.0600 pos=-1
[fees] KXBTC-26APR1217-T82249.99 series=KXBTC fee_multiplier=1 coeff=0.07
[KXBTC-26APR1217-T82249.99] [book] yes bid/ask 0/0.0100 no bid/ask 0.9900/1 spreads yes=0.0100 no=0.0100 pos=0
[edge] fair_yes=0.1571546181371376 EV/contract yes=0.1411 no=-0.1479 (est fee/ct yes=0.0011 no=0.0007)
[entry] Skip: direction confidence (YES needs fair_yes>=0.64, NO needs fair_yes<=0.36; fair_yes=0.1571546181371376)
[paper] NAV $48.6934 (cash $48.1234) PnL vs start $-1.3066 (started $50)
[fees] KXBTC15M-26APR121630-30 series=KXBTC15M fee_multiplier=1 coeff=0.07
[KXBTC15M-26APR121630-30] [book] yes bid/ask 0.6100/0.6300 no bid/ask 0.3700/0.3900 spreads yes=0.0200 no=0.0200 pos=-1
[stop] NO drawdown 30.84% >= 20.00% (entry_ask 0.5350 vs bid 0.3700)
[fees] KXBTC-26APR1217-T82249.99 series=KXBTC fee_multiplier=1 coeff=0.07
[KXBTC-26APR1217-T82249.99] [book] yes bid/ask 0/0.0100 no bid/ask 0.9900/1 spreads yes=0.0100 no=0.0100 pos=0
[edge] fair_yes=0.15705940807413332 EV/contract yes=0.1410 no=-0.1478 (est fee/ct yes=0.0011 no=0.0007)
[entry] Skip: direction confidence (YES needs fair_yes>=0.64, NO needs fair_yes<=0.36; fair_yes=0.15705940807413332)
[paper] NAV $48.4770 (cash $48.4770) PnL vs start $-1.5230 (started $50)
[fees] KXBTC15M-26APR121630-30 series=KXBTC15M fee_multiplier=1 coeff=0.07
[KXBTC15M-26APR121630-30] [book] yes bid/ask 0.7200/0.7300 no bid/ask 0.2700/0.2800 spreads yes=0.0100 no=0.0100 pos=0
[edge] fair_yes=0.4985688576748496 EV/contract yes=-0.2501 no=0.2021 (est fee/ct yes=0.0137 no=0.0143)
[entry] Skip: direction confidence (YES needs fair_yes>=0.64, NO needs fair_yes<=0.36; fair_yes=0.4985688576748496)
[fees] KXBTC-26APR1217-T82249.99 series=KXBTC fee_multiplier=1 coeff=0.07
[KXBTC-26APR1217-T82249.99] [book] yes bid/ask 0/0.0100 no bid/ask 0.9900/1 spreads yes=0.0100 no=0.0100 pos=0
[edge] fair_yes=0.15696933361842907 EV/contract yes=0.1409 no=-0.1477 (est fee/ct yes=0.0011 no=0.0007)
[entry] Skip: direction confidence (YES needs fair_yes>=0.64, NO needs fair_yes<=0.36; fair_yes=0.15696933361842907)
[paper] NAV $48.4770 (cash $48.4770) PnL vs start $-1.5230 (started $50)
[fees] KXBTC15M-26APR121630-30 series=KXBTC15M fee_multiplier=1 coeff=0.07
[KXBTC15M-26APR121630-30] [book] yes bid/ask 0.6800/0.6900 no bid/ask 0.3100/0.3200 spreads yes=0.0100 no=0.0100 pos=0
[edge] fair_yes=0.47068445626905997 EV/contract yes=-0.2392 no=0.1889 (est fee/ct yes=0.0149 no=0.0154)
[entry] Skip: direction confidence (YES needs fair_yes>=0.64, NO needs fair_yes<=0.36; fair_yes=0.47068445626905997)
[fees] KXBTC-26APR1217-T82249.99 series=KXBTC fee_multiplier=1 coeff=0.07
[KXBTC-26APR1217-T82249.99] [book] yes bid/ask 0/0.0100 no bid/ask 0.9900/1 spreads yes=0.0100 no=0.0100 pos=0
[edge] fair_yes=0.15688753980048967 EV/contract yes=0.1408 no=-0.1476 (est fee/ct yes=0.0011 no=0.0007)
[entry] Skip: direction confidence (YES needs fair_yes>=0.64, NO needs fair_yes<=0.36; fair_yes=0.15688753980048967)
[paper] NAV $48.4770 (cash $48.4770) PnL vs start $-1.5230 (started $50)
[fees] KXBTC15M-26APR121630-30 series=KXBTC15M fee_multiplier=1 coeff=0.07
[KXBTC15M-26APR121630-30] [book] yes bid/ask 0.6800/0.6900 no bid/ask 0.3100/0.3200 spreads yes=0.0100 no=0.0100 pos=0
[edge] fair_yes=0.4698786701507576 EV/contract yes=-0.2400 no=0.1897 (est fee/ct yes=0.0149 no=0.0154)
[entry] Skip: direction confidence (YES needs fair_yes>=0.64, NO needs fair_yes<=0.36; fair_yes=0.4698786701507576)
[fees] KXBTC-26APR1217-T82249.99 series=KXBTC fee_multiplier=1 coeff=0.07
[KXBTC-26APR1217-T82249.99] [book] yes bid/ask 0/0.0100 no bid/ask 0.9900/1 spreads yes=0.0100 no=0.0100 pos=0
[edge] fair_yes=0.15680874006417783 EV/contract yes=0.1407 no=-0.1475 (est fee/ct yes=0.0011 no=0.0007)
[entry] Skip: direction confidence (YES needs fair_yes>=0.64, NO needs fair_yes<=0.36; fair_yes=0.15680874006417783)
[paper] NAV $48.4770 (cash $48.4770) PnL vs start $-1.5230 (started $50)
[fees] KXBTC15M-26APR121630-30 series=KXBTC15M fee_multiplier=1 coeff=0.07
[KXBTC15M-26APR121630-30] [book] yes bid/ask 0.6800/0.6900 no bid/ask 0.3100/0.3200 spreads yes=0.0100 no=0.0100 pos=0
[edge] fair_yes=0.4690497517686462 EV/contract yes=-0.2409 no=0.1906 (est fee/ct yes=0.0149 no=0.0154)
[entry] Skip: direction confidence (YES needs fair_yes>=0.64, NO needs fair_yes<=0.36; fair_yes=0.4690497517686462)
[fees] KXBTC-26APR1217-T82249.99 series=KXBTC fee_multiplier=1 coeff=0.07
[KXBTC-26APR1217-T82249.99] [book] yes bid/ask 0/0.0100 no bid/ask 0.9900/1 spreads yes=0.0100 no=0.0100 pos=0
[edge] fair_yes=0.15672719837917246 EV/contract yes=0.1406 no=-0.1474 (est fee/ct yes=0.0011 no=0.0007)
[entry] Skip: direction confidence (YES needs fair_yes>=0.64, NO needs fair_yes<=0.36; fair_yes=0.15672719837917246)
[paper] NAV $48.4770 (cash $48.4770) PnL vs start $-1.5230 (started $50)
[fees] KXBTC15M-26APR121630-30 series=KXBTC15M fee_multiplier=1 coeff=0.07
[KXBTC15M-26APR121630-30] [book] yes bid/ask 0.6800/0.6900 no bid/ask 0.3100/0.3200 spreads yes=0.0100 no=0.0100 pos=0
[edge] fair_yes=0.4682047885739213 EV/contract yes=-0.2417 no=0.1914 (est fee/ct yes=0.0149 no=0.0154)
[entry] Skip: direction confidence (YES needs fair_yes>=0.64, NO needs fair_yes<=0.36; fair_yes=0.4682047885739213)
[fees] KXBTC-26APR1217-T82249.99 series=KXBTC fee_multiplier=1 coeff=0.07
[KXBTC-26APR1217-T82249.99] [book] yes bid/ask 0/0.0100 no bid/ask 0.9900/1 spreads yes=0.0100 no=0.0100 pos=0
[edge] fair_yes=0.15664605597745318 EV/contract yes=0.1405 no=-0.1473 (est fee/ct yes=0.0011 no=0.0007)
[entry] Skip: direction confidence (YES needs fair_yes>=0.64, NO needs fair_yes<=0.36; fair_yes=0.15664605597745318)
[paper] NAV $48.4770 (cash $48.4770) PnL vs start $-1.5230 (started $50)
[fees] KXBTC15M-26APR121630-30 series=KXBTC15M fee_multiplier=1 coeff=0.07
[KXBTC15M-26APR121630-30] [book] yes bid/ask 0.6700/0.6800 no bid/ask 0.3200/0.3300 spreads yes=0.0100 no=0.0100 pos=0
[edge] fair_yes=0.46057054192698876 EV/contract yes=-0.2396 no=0.1888 (est fee/ct yes=0.0152 no=0.0156)
[entry] Skip: direction confidence (YES needs fair_yes>=0.64, NO needs fair_yes<=0.36; fair_yes=0.46057054192698876)
[fees] KXBTC-26APR1217-T82249.99 series=KXBTC fee_multiplier=1 coeff=0.07
[KXBTC-26APR1217-T82249.99] [book] yes bid/ask 0/0.0100 no bid/ask 0.9900/1 spreads yes=0.0100 no=0.0100 pos=0
[edge] fair_yes=0.15655960974843408 EV/contract yes=0.1405 no=-0.1473 (est fee/ct yes=0.0011 no=0.0007)
[entry] Skip: direction confidence (YES needs fair_yes>=0.64, NO needs fair_yes<=0.36; fair_yes=0.15655960974843408)
[paper] NAV $48.4770 (cash $48.4770) PnL vs start $-1.5230 (started $50)
[fees] KXBTC15M-26APR121630-30 series=KXBTC15M fee_multiplier=1 coeff=0.07
[KXBTC15M-26APR121630-30] [book] yes bid/ask 0.6700/0.6800 no bid/ask 0.3200/0.3300 spreads yes=0.0100 no=0.0100 pos=0
[edge] fair_yes=0.4596738164899756 EV/contract yes=-0.2405 no=0.1897 (est fee/ct yes=0.0152 no=0.0156)
[entry] Skip: direction confidence (YES needs fair_yes>=0.64, NO needs fair_yes<=0.36; fair_yes=0.4596738164899756)
[fees] KXBTC-26APR1217-T82249.99 series=KXBTC fee_multiplier=1 coeff=0.07
[KXBTC-26APR1217-T82249.99] [book] yes bid/ask 0/0.0100 no bid/ask 0.9900/1 spreads yes=0.0100 no=0.0100 pos=0
[edge] fair_yes=0.1564767995063427 EV/contract yes=0.1404 no=-0.1472 (est fee/ct yes=0.0011 no=0.0007)
[entry] Skip: direction confidence (YES needs fair_yes>=0.64, NO needs fair_yes<=0.36; fair_yes=0.1564767995063427)
[paper] NAV $48.4770 (cash $48.4770) PnL vs start $-1.5230 (started $50)
[fees] KXBTC15M-26APR121630-30 series=KXBTC15M fee_multiplier=1 coeff=0.07
[KXBTC15M-26APR121630-30] [book] yes bid/ask 0.6700/0.6800 no bid/ask 0.3200/0.3300 spreads yes=0.0100 no=0.0100 pos=0
[edge] fair_yes=0.4587965066899167 EV/contract yes=-0.2414 no=0.1906 (est fee/ct yes=0.0152 no=0.0156)
[entry] Skip: direction confidence (YES needs fair_yes>=0.64, NO needs fair_yes<=0.36; fair_yes=0.4587965066899167)
[fees] KXBTC-26APR1217-T82249.99 series=KXBTC fee_multiplier=1 coeff=0.07
[KXBTC-26APR1217-T82249.99] [book] yes bid/ask 0/0.0100 no bid/ask 0.9900/1 spreads yes=0.0100 no=0.0100 pos=0
[edge] fair_yes=0.1563949894257944 EV/contract yes=0.1403 no=-0.1471 (est fee/ct yes=0.0011 no=0.0007)
[entry] Skip: direction confidence (YES needs fair_yes>=0.64, NO needs fair_yes<=0.36; fair_yes=0.1563949894257944)
[paper] NAV $48.4770 (cash $48.4770) PnL vs start $-1.5230 (started $50)
[fees] KXBTC15M-26APR121630-30 series=KXBTC15M fee_multiplier=1 coeff=0.07
[KXBTC15M-26APR121630-30] [book] yes bid/ask 0.6700/0.6900 no bid/ask 0.3100/0.3300 spreads yes=0.0200 no=0.0200 pos=0
[edge] fair_yes=0.4646228023880035 EV/contract yes=-0.2453 no=0.1848 (est fee/ct yes=0.0149 no=0.0156)
[entry] Skip: direction confidence (YES needs fair_yes>=0.64, NO needs fair_yes<=0.36; fair_yes=0.4646228023880035)
[fees] KXBTC-26APR1217-T82249.99 series=KXBTC fee_multiplier=1 coeff=0.07
[KXBTC-26APR1217-T82249.99] [book] yes bid/ask 0/0.0100 no bid/ask 0.9900/1 spreads yes=0.0100 no=0.0100 pos=0
[edge] fair_yes=0.15631539668573316 EV/contract yes=0.1402 no=-0.1470 (est fee/ct yes=0.0011 no=0.0007)
[entry] Skip: direction confidence (YES needs fair_yes>=0.64, NO needs fair_yes<=0.36; fair_yes=0.15631539668573316)
[paper] NAV $48.4770 (cash $48.4770) PnL vs start $-1.5230 (started $50)
[fees] KXBTC15M-26APR121630-30 series=KXBTC15M fee_multiplier=1 coeff=0.07
[KXBTC15M-26APR121630-30] [book] yes bid/ask 0.6700/0.6800 no bid/ask 0.3200/0.3300 spreads yes=0.0100 no=0.0100 pos=0
[edge] fair_yes=0.4569289965669592 EV/contract yes=-0.2433 no=0.1925 (est fee/ct yes=0.0152 no=0.0156)
[entry] Skip: direction confidence (YES needs fair_yes>=0.64, NO needs fair_yes<=0.36; fair_yes=0.4569289965669592)
[fees] KXBTC-26APR1217-T82249.99 series=KXBTC fee_multiplier=1 coeff=0.07
[KXBTC-26APR1217-T82249.99] [book] yes bid/ask 0/0.0100 no bid/ask 0.9900/1 spreads yes=0.0100 no=0.0100 pos=0
[edge] fair_yes=0.15622551433383802 EV/contract yes=0.1401 no=-0.1469 (est fee/ct yes=0.0011 no=0.0007)
[entry] Skip: direction confidence (YES needs fair_yes>=0.64, NO needs fair_yes<=0.36; fair_yes=0.15622551433383802)
[paper] NAV $48.4770 (cash $48.4770) PnL vs start $-1.5230 (started $50)
[fees] KXBTC15M-26APR121630-30 series=KXBTC15M fee_multiplier=1 coeff=0.07
[KXBTC15M-26APR121630-30] [book] yes bid/ask 0.5900/0.6000 no bid/ask 0.4000/0.4100 spreads yes=0.0100 no=0.0100 pos=0
[edge] fair_yes=0.40286755169513355 EV/contract yes=-0.2189 no=0.1651 (est fee/ct yes=0.0168 no=0.0170)
[entry] Skip: direction confidence (YES needs fair_yes>=0.64, NO needs fair_yes<=0.36; fair_yes=0.40286755169513355)
[fees] KXBTC-26APR1217-T82249.99 series=KXBTC fee_multiplier=1 coeff=0.07
[KXBTC-26APR1217-T82249.99] [book] yes bid/ask 0/0.0100 no bid/ask 0.9900/1 spreads yes=0.0100 no=0.0100 pos=0
[edge] fair_yes=0.15614273978445084 EV/contract yes=0.1400 no=-0.1468 (est fee/ct yes=0.0011 no=0.0007)
[entry] Skip: direction confidence (YES needs fair_yes>=0.64, NO needs fair_yes<=0.36; fair_yes=0.15614273978445084)
[paper] NAV $48.4770 (cash $48.4770) PnL vs start $-1.5230 (started $50)
[fees] KXBTC15M-26APR121630-30 series=KXBTC15M fee_multiplier=1 coeff=0.07
[KXBTC15M-26APR121630-30] [book] yes bid/ask 0.7800/0.8200 no bid/ask 0.1800/0.2200 spreads yes=0.0400 no=0.0400 pos=0
[edge] fair_yes=0.5494541000912004 EV/contract yes=-0.2857 no=0.2132 (est fee/ct yes=0.0102 no=0.0123)
[entry] Skip: direction confidence (YES needs fair_yes>=0.64, NO needs fair_yes<=0.36; fair_yes=0.5494541000912004)
[fees] KXBTC-26APR1217-T82249.99 series=KXBTC fee_multiplier=1 coeff=0.07
[KXBTC-26APR1217-T82249.99] [book] yes bid/ask 0/0.0100 no bid/ask 0.9900/1 spreads yes=0.0100 no=0.0100 pos=0
[edge] fair_yes=0.15605106791404189 EV/contract yes=0.1400 no=-0.1468 (est fee/ct yes=0.0011 no=0.0007)
[entry] Skip: direction confidence (YES needs fair_yes>=0.64, NO needs fair_yes<=0.36; fair_yes=0.15605106791404189)
[paper] NAV $48.4770 (cash $48.4770) PnL vs start $-1.5230 (started $50)
[fees] KXBTC15M-26APR121630-30 series=KXBTC15M fee_multiplier=1 coeff=0.07
[KXBTC15M-26APR121630-30] [book] yes bid/ask 0.8700/0.8800 no bid/ask 0.1200/0.1300 spreads yes=0.0100 no=0.0100 pos=0
[edge] fair_yes=0.5881523774113178 EV/contract yes=-0.3040 no=0.2686 (est fee/ct yes=0.0072 no=0.0082)
[entry] Skip: direction confidence (YES needs fair_yes>=0.64, NO needs fair_yes<=0.36; fair_yes=0.5881523774113178)
[fees] KXBTC-26APR1217-T82249.99 series=KXBTC fee_multiplier=1 coeff=0.07
[KXBTC-26APR1217-T82249.99] [book] yes bid/ask 0/0.0100 no bid/ask 0.9900/1 spreads yes=0.0100 no=0.0100 pos=0
[edge] fair_yes=0.15595535889525183 EV/contract yes=0.1399 no=-0.1467 (est fee/ct yes=0.0011 no=0.0007)
[entry] Skip: direction confidence (YES needs fair_yes>=0.64, NO needs fair_yes<=0.36; fair_yes=0.15595535889525183)
[paper] NAV $48.4770 (cash $48.4770) PnL vs start $-1.5230 (started $50)
[fees] KXBTC15M-26APR121630-30 series=KXBTC15M fee_multiplier=1 coeff=0.07
[KXBTC15M-26APR121630-30] [book] yes bid/ask 0.8600/0.8700 no bid/ask 0.1300/0.1400 spreads yes=0.0100 no=0.0100 pos=0
[edge] fair_yes=0.5805003584815934 EV/contract yes=-0.3022 no=0.2658 (est fee/ct yes=0.0077 no=0.0087)
[entry] Skip: direction confidence (YES needs fair_yes>=0.64, NO needs fair_yes<=0.36; fair_yes=0.5805003584815934)
[fees] KXBTC-26APR1217-T82249.99 series=KXBTC fee_multiplier=1 coeff=0.07
[KXBTC-26APR1217-T82249.99] [book] yes bid/ask 0/0.0100 no bid/ask 0.9900/1 spreads yes=0.0100 no=0.0100 pos=0
[edge] fair_yes=0.1558673964164721 EV/contract yes=0.1398 no=-0.1466 (est fee/ct yes=0.0011 no=0.0007)
[entry] Skip: direction confidence (YES needs fair_yes>=0.64, NO needs fair_yes<=0.36; fair_yes=0.1558673964164721)
[paper] NAV $48.4770 (cash $48.4770) PnL vs start $-1.5230 (started $50)
[fees] KXBTC15M-26APR121630-30 series=KXBTC15M fee_multiplier=1 coeff=0.07
[KXBTC15M-26APR121630-30] [book] yes bid/ask 0.8700/0.8900 no bid/ask 0.1100/0.1300 spreads yes=0.0200 no=0.0200 pos=0
[edge] fair_yes=0.5925705113515995 EV/contract yes=-0.3090 no=0.2642 (est fee/ct yes=0.0066 no=0.0082)
[entry] Skip: direction confidence (YES needs fair_yes>=0.64, NO needs fair_yes<=0.36; fair_yes=0.5925705113515995)
[fees] KXBTC-26APR1217-T82249.99 series=KXBTC fee_multiplier=1 coeff=0.07
[KXBTC-26APR1217-T82249.99] [book] yes bid/ask 0/0.0100 no bid/ask 0.9900/1 spreads yes=0.0100 no=0.0100 pos=0
[edge] fair_yes=0.15578433845565012 EV/contract yes=0.1397 no=-0.1465 (est fee/ct yes=0.0011 no=0.0007)
[entry] Skip: direction confidence (YES needs fair_yes>=0.64, NO needs fair_yes<=0.36; fair_yes=0.15578433845565012)
[paper] NAV $48.4770 (cash $48.4770) PnL vs start $-1.5230 (started $50)
[fees] KXBTC15M-26APR121630-30 series=KXBTC15M fee_multiplier=1 coeff=0.07
[KXBTC15M-26APR121630-30] [book] yes bid/ask 0.8700/0.8800 no bid/ask 0.1200/0.1300 spreads yes=0.0100 no=0.0100 pos=0
[edge] fair_yes=0.5849685015218795 EV/contract yes=-0.3072 no=0.2718 (est fee/ct yes=0.0072 no=0.0082)
[entry] Skip: direction confidence (YES needs fair_yes>=0.64, NO needs fair_yes<=0.36; fair_yes=0.5849685015218795)
[fees] KXBTC-26APR1217-T82249.99 series=KXBTC fee_multiplier=1 coeff=0.07
[KXBTC-26APR1217-T82249.99] [book] yes bid/ask 0/0.0100 no bid/ask 0.9900/1 spreads yes=0.0100 no=0.0100 pos=0
[edge] fair_yes=0.15570293443560326 EV/contract yes=0.1396 no=-0.1464 (est fee/ct yes=0.0011 no=0.0007)
[entry] Skip: direction confidence (YES needs fair_yes>=0.64, NO needs fair_yes<=0.36; fair_yes=0.15570293443560326)
[paper] NAV $48.4770 (cash $48.4770) PnL vs start $-1.5230 (started $50)
[fees] KXBTC15M-26APR121630-30 series=KXBTC15M fee_multiplier=1 coeff=0.07
[KXBTC15M-26APR121630-30] [book] yes bid/ask 0.8900/0.9100 no bid/ask 0.0900/0.1100 spreads yes=0.0200 no=0.0200 pos=0
[edge] fair_yes=0.6034367480212437 EV/contract yes=-0.3171 no=0.2744 (est fee/ct yes=0.0055 no=0.0072)
[entry] Skip: direction confidence (YES needs fair_yes>=0.64, NO needs fair_yes<=0.36; fair_yes=0.6034367480212437)
[fees] KXBTC-26APR1217-T82249.99 series=KXBTC fee_multiplier=1 coeff=0.07
[KXBTC-26APR1217-T82249.99] [book] yes bid/ask 0/0.0100 no bid/ask 0.9900/1 spreads yes=0.0100 no=0.0100 pos=0
[edge] fair_yes=0.15561459992743135 EV/contract yes=0.1395 no=-0.1463 (est fee/ct yes=0.0011 no=0.0007)
[entry] Skip: direction confidence (YES needs fair_yes>=0.64, NO needs fair_yes<=0.36; fair_yes=0.15561459992743135)
[paper] NAV $48.4770 (cash $48.4770) PnL vs start $-1.5230 (started $50)
[fees] KXBTC15M-26APR121630-30 series=KXBTC15M fee_multiplier=1 coeff=0.07
[KXBTC15M-26APR121630-30] [book] yes bid/ask 0.9000/0.9060 no bid/ask 0.0940/0.1000 spreads yes=0.0060 no=0.0060 pos=0
[edge] fair_yes=0.5997249532400967 EV/contract yes=-0.3170 no=0.2887 (est fee/ct yes=0.0057 no=0.0066)
[entry] Skip: direction confidence (YES needs fair_yes>=0.64, NO needs fair_yes<=0.36; fair_yes=0.5997249532400967)
[fees] KXBTC-26APR1217-T82249.99 series=KXBTC fee_multiplier=1 coeff=0.07
[KXBTC-26APR1217-T82249.99] [book] yes bid/ask 0/0.0100 no bid/ask 0.9900/1 spreads yes=0.0100 no=0.0100 pos=0
[edge] fair_yes=0.15552696700600596 EV/contract yes=0.1394 no=-0.1462 (est fee/ct yes=0.0011 no=0.0007)
[entry] Skip: direction confidence (YES needs fair_yes>=0.64, NO needs fair_yes<=0.36; fair_yes=0.15552696700600596)
[paper] NAV $48.4770 (cash $48.4770) PnL vs start $-1.5230 (started $50)
[fees] KXBTC15M-26APR121630-30 series=KXBTC15M fee_multiplier=1 coeff=0.07
[KXBTC15M-26APR121630-30] [book] yes bid/ask 0.9030/0.9150 no bid/ask 0.0850/0.0970 spreads yes=0.0120 no=0.0120 pos=0
[edge] fair_yes=0.6043318561269682 EV/contract yes=-0.3209 no=0.2872 (est fee/ct yes=0.0052 no=0.0065)
[entry] Skip: direction confidence (YES needs fair_yes>=0.64, NO needs fair_yes<=0.36; fair_yes=0.6043318561269682)
[fees] KXBTC-26APR1217-T82249.99 series=KXBTC fee_multiplier=1 coeff=0.07
[KXBTC-26APR1217-T82249.99] [book] yes bid/ask 0/0.0100 no bid/ask 0.9900/1 spreads yes=0.0100 no=0.0100 pos=0
[edge] fair_yes=0.15543349279006924 EV/contract yes=0.1393 no=-0.1461 (est fee/ct yes=0.0011 no=0.0007)
[entry] Skip: direction confidence (YES needs fair_yes>=0.64, NO needs fair_yes<=0.36; fair_yes=0.15543349279006924)
[paper] NAV $48.4770 (cash $48.4770) PnL vs start $-1.5230 (started $50)
[fees] KXBTC15M-26APR121630-30 series=KXBTC15M fee_multiplier=1 coeff=0.07
[KXBTC15M-26APR121630-30] [book] yes bid/ask 0.9140/0.9200 no bid/ask 0.0800/0.0860 spreads yes=0.0060 no=0.0060 pos=0
[edge] fair_yes=0.6063952881040383 EV/contract yes=-0.3235 no=0.2968 (est fee/ct yes=0.0049 no=0.0058)
[entry] Skip: direction confidence (YES needs fair_yes>=0.64, NO needs fair_yes<=0.36; fair_yes=0.6063952881040383)
[fees] KXBTC-26APR1217-T82249.99 series=KXBTC fee_multiplier=1 coeff=0.07
[KXBTC-26APR1217-T82249.99] [book] yes bid/ask 0/0.0100 no bid/ask 0.9900/1 spreads yes=0.0100 no=0.0100 pos=0
[edge] fair_yes=0.1553509470827607 EV/contract yes=0.1393 no=-0.1461 (est fee/ct yes=0.0011 no=0.0007)
[entry] Skip: direction confidence (YES needs fair_yes>=0.64, NO needs fair_yes<=0.36; fair_yes=0.1553509470827607)
[paper] NAV $48.4770 (cash $48.4770) PnL vs start $-1.5230 (started $50)
[fees] KXBTC15M-26APR121630-30 series=KXBTC15M fee_multiplier=1 coeff=0.07
[KXBTC15M-26APR121630-30] [book] yes bid/ask 0.9180/0.9200 no bid/ask 0.0800/0.0820 spreads yes=0.0020 no=0.0020 pos=0
[edge] fair_yes=0.6052229929277796 EV/contract yes=-0.3247 no=0.3022 (est fee/ct yes=0.0049 no=0.0056)
[entry] Skip: direction confidence (YES needs fair_yes>=0.64, NO needs fair_yes<=0.36; fair_yes=0.6052229929277796)
[fees] KXBTC-26APR1217-T82249.99 series=KXBTC fee_multiplier=1 coeff=0.07
[KXBTC-26APR1217-T82249.99] [book] yes bid/ask 0/0.0100 no bid/ask 0.9900/1 spreads yes=0.0100 no=0.0100 pos=0
[edge] fair_yes=0.15526898862984662 EV/contract yes=0.1392 no=-0.1460 (est fee/ct yes=0.0011 no=0.0007)
[entry] Skip: direction confidence (YES needs fair_yes>=0.64, NO needs fair_yes<=0.36; fair_yes=0.15526898862984662)
[paper] NAV $48.4770 (cash $48.4770) PnL vs start $-1.5230 (started $50)
[fees] KXBTC15M-26APR121630-30 series=KXBTC15M fee_multiplier=1 coeff=0.07
[KXBTC15M-26APR121630-30] [book] yes bid/ask 0.9710/0.9740 no bid/ask 0.0260/0.0290 spreads yes=0.0030 no=0.0030 pos=0
[edge] fair_yes=0.6384258683145773 EV/contract yes=-0.3421 no=0.3253 (est fee/ct yes=0.0015 no=0.0023)
[entry] Skip: direction confidence (YES needs fair_yes>=0.64, NO needs fair_yes<=0.36; fair_yes=0.6384258683145773)
[fees] KXBTC-26APR1217-T82249.99 series=KXBTC fee_multiplier=1 coeff=0.07
[KXBTC-26APR1217-T82249.99] [book] yes bid/ask 0/0.0100 no bid/ask 0.9900/1 spreads yes=0.0100 no=0.0100 pos=0
[edge] fair_yes=0.15518429877611387 EV/contract yes=0.1391 no=-0.1459 (est fee/ct yes=0.0011 no=0.0007)
[entry] Skip: direction confidence (YES needs fair_yes>=0.64, NO needs fair_yes<=0.36; fair_yes=0.15518429877611387)
[paper] NAV $48.4770 (cash $48.4770) PnL vs start $-1.5230 (started $50)
